project,article,granularity,timestamp,access,agent,views
de.wikipedia,Uebachtal,daily,2015070300,all-access,all-agents,1
de.wikipedia,Uebachtal,daily,2015070800,all-access,all-agents,1
de.wikipedia,Uebachtal,daily,2015070900,all-access,all-agents,5
de.wikipedia,Uebachtal,daily,2015071000,all-access,all-agents,1
de.wikipedia,Uebachtal,daily,2015071200,all-access,all-agents,1
de.wikipedia,Uebachtal,daily,2015071300,all-access,all-agents,5
de.wikipedia,Uebachtal,daily,2015071500,all-access,all-agents,2
de.wikipedia,Uebachtal,daily,2015071600,all-access,all-agents,6
de.wikipedia,Uebachtal,daily,2015071800,all-access,all-agents,2
de.wikipedia,Uebachtal,daily,2015071900,all-access,all-agents,2
de.wikipedia,Uebachtal,daily,2015072000,all-access,all-agents,4
de.wikipedia,Uebachtal,daily,2015072100,all-access,all-agents,1
de.wikipedia,Uebachtal,daily,2015072200,all-access,all-agents,3
de.wikipedia,Uebachtal,daily,2015072300,all-access,all-agents,1
de.wikipedia,Uebachtal,daily,2015072400,all-access,all-agents,1
de.wikipedia,Uebachtal,daily,2015072500,all-access,all-agents,3
de.wikipedia,Uebachtal,daily,2015072600,all-access,all-agents,1
de.wikipedia,Uebachtal,daily,2015072800,all-access,all-agents,1
de.wikipedia,Uebachtal,daily,2015072900,all-access,all-agents,1
de.wikipedia,Uebachtal,daily,2015073000,all-access,all-agents,3
de.wikipedia,Uebachtal,daily,2015073100,all-access,all-agents,1
de.wikipedia,Uebachtal,daily,2015080100,all-access,all-agents,4
de.wikipedia,Uebachtal,daily,2015080400,all-access,all-agents,1
de.wikipedia,Uebachtal,daily,2015080500,all-access,all-agents,2
de.wikipedia,Uebachtal,daily,2015080600,all-access,all-agents,1
de.wikipedia,Uebachtal,daily,2015080800,all-access,all-agents,5
de.wikipedia,Uebachtal,daily,2015080900,all-access,all-agents,1
de.wikipedia,Uebachtal,daily,2015081300,all-access,all-agents,2
de.wikipedia,Uebachtal,daily,2015081400,all-access,all-agents,2
de.wikipedia,Uebachtal,daily,2015081500,all-access,all-agents,2
de.wikipedia,Uebachtal,daily,2015081700,all-access,all-agents,2
de.wikipedia,Uebachtal,daily,2015081800,all-access,all-agents,1
de.wikipedia,Uebachtal,daily,2015082100,all-access,all-agents,3
de.wikipedia,Uebachtal,daily,2015082200,all-access,all-agents,3
de.wikipedia,Uebachtal,daily,2015082400,all-access,all-agents,1
de.wikipedia,Uebachtal,daily,2015082500,all-access,all-agents,1
de.wikipedia,Uebachtal,daily,2015082800,all-access,all-agents,4
de.wikipedia,Uebachtal,daily,2015082900,all-access,all-agents,5
de.wikipedia,Uebachtal,daily,2015083000,all-access,all-agents,1
de.wikipedia,Uebachtal,daily,2015090200,all-access,all-agents,2
de.wikipedia,Uebachtal,daily,2015090400,all-access,all-agents,4
de.wikipedia,Uebachtal,daily,2015090500,all-access,all-agents,3
de.wikipedia,Uebachtal,daily,2015090600,all-access,all-agents,2
de.wikipedia,Uebachtal,daily,2015090800,all-access,all-agents,2
de.wikipedia,Uebachtal,daily,2015090900,all-access,all-agents,3
de.wikipedia,Uebachtal,daily,2015091000,all-access,all-agents,2
de.wikipedia,Uebachtal,daily,2015091100,all-access,all-agents,2
de.wikipedia,Uebachtal,daily,2015091200,all-access,all-agents,4
de.wikipedia,Uebachtal,daily,2015091300,all-access,all-agents,2
de.wikipedia,Uebachtal,daily,2015091400,all-access,all-agents,1
de.wikipedia,Uebachtal,daily,2015091500,all-access,all-agents,1
de.wikipedia,Uebachtal,daily,2015091600,all-access,all-agents,1
de.wikipedia,Uebachtal,daily,2015091800,all-access,all-agents,1
de.wikipedia,Uebachtal,daily,2015091900,all-access,all-agents,3
de.wikipedia,Uebachtal,daily,2015092000,all-access,all-agents,1
de.wikipedia,Uebachtal,daily,2015092200,all-access,all-agents,2
de.wikipedia,Uebachtal,daily,2015092300,all-access,all-agents,5
de.wikipedia,Uebachtal,daily,2015092400,all-access,all-agents,1
de.wikipedia,Uebachtal,daily,2015092500,all-access,all-agents,1
de.wikipedia,Uebachtal,daily,2015092600,all-access,all-agents,4
de.wikipedia,Uebachtal,daily,2015092700,all-access,all-agents,6
de.wikipedia,Uebachtal,daily,2015092800,all-access,all-agents,1
de.wikipedia,Uebachtal,daily,2015092900,all-access,all-agents,3
de.wikipedia,Uebachtal,daily,2015093000,all-access,all-agents,1
de.wikipedia,Uebachtal,daily,2015100200,all-access,all-agents,1
de.wikipedia,Uebachtal,daily,2015100300,all-access,all-agents,5
de.wikipedia,Uebachtal,daily,2015100600,all-access,all-agents,2
de.wikipedia,Uebachtal,daily,2015100800,all-access,all-agents,1
de.wikipedia,Uebachtal,daily,2015100900,all-access,all-agents,2
de.wikipedia,Uebachtal,daily,2015101000,all-access,all-agents,3
de.wikipedia,Uebachtal,daily,2015101100,all-access,all-agents,3
de.wikipedia,Uebachtal,daily,2015101300,all-access,all-agents,2
de.wikipedia,Uebachtal,daily,2015101500,all-access,all-agents,1
de.wikipedia,Uebachtal,daily,2015101600,all-access,all-agents,1
de.wikipedia,Uebachtal,daily,2015101700,all-access,all-agents,2
de.wikipedia,Uebachtal,daily,2015101900,all-access,all-agents,2
de.wikipedia,Uebachtal,daily,2015102000,all-access,all-agents,3
de.wikipedia,Uebachtal,daily,2015102200,all-access,all-agents,1
de.wikipedia,Uebachtal,daily,2015102300,all-access,all-agents,2
de.wikipedia,Uebachtal,daily,2015102400,all-access,all-agents,3
de.wikipedia,Uebachtal,daily,2015102500,all-access,all-agents,1
de.wikipedia,Uebachtal,daily,2015102700,all-access,all-agents,2
de.wikipedia,Uebachtal,daily,2015102800,all-access,all-agents,1
de.wikipedia,Uebachtal,daily,2015102900,all-access,all-agents,4
de.wikipedia,Uebachtal,daily,2015103000,all-access,all-agents,2
de.wikipedia,Uebachtal,daily,2015103100,all-access,all-agents,3
de.wikipedia,Uebachtal,daily,2015110200,all-access,all-agents,2
de.wikipedia,Uebachtal,daily,2015110300,all-access,all-agents,1
de.wikipedia,Uebachtal,daily,2015110400,all-access,all-agents,1
de.wikipedia,Uebachtal,daily,2015110500,all-access,all-agents,2
de.wikipedia,Uebachtal,daily,2015110700,all-access,all-agents,3
de.wikipedia,Uebachtal,daily,2015110800,all-access,all-agents,1
de.wikipedia,Uebachtal,daily,2015111000,all-access,all-agents,1
de.wikipedia,Uebachtal,daily,2015111100,all-access,all-agents,2
de.wikipedia,Uebachtal,daily,2015111200,all-access,all-agents,1
de.wikipedia,Uebachtal,daily,2015111400,all-access,all-agents,2
de.wikipedia,Uebachtal,daily,2015111500,all-access,all-agents,1
de.wikipedia,Uebachtal,daily,2015111600,all-access,all-agents,8
de.wikipedia,Uebachtal,daily,2015111700,all-access,all-agents,2
de.wikipedia,Uebachtal,daily,2015111900,all-access,all-agents,1
de.wikipedia,Uebachtal,daily,2015112100,all-access,all-agents,2
de.wikipedia,Uebachtal,daily,2015112200,all-access,all-agents,2
de.wikipedia,Uebachtal,daily,2015112800,all-access,all-agents,2
de.wikipedia,Uebachtal,daily,2015112900,all-access,all-agents,1
de.wikipedia,Uebachtal,daily,2015113000,all-access,all-agents,1
de.wikipedia,Uebachtal,daily,2015120500,all-access,all-agents,2
de.wikipedia,Uebachtal,daily,2015120600,all-access,all-agents,2
de.wikipedia,Uebachtal,daily,2015120900,all-access,all-agents,2
de.wikipedia,Uebachtal,daily,2015121200,all-access,all-agents,2
de.wikipedia,Uebachtal,daily,2015121500,all-access,all-agents,1
de.wikipedia,Uebachtal,daily,2015121700,all-access,all-agents,1
de.wikipedia,Uebachtal,daily,2015121900,all-access,all-agents,4
de.wikipedia,Uebachtal,daily,2015122100,all-access,all-agents,3
de.wikipedia,Uebachtal,daily,2015122300,all-access,all-agents,1
de.wikipedia,Uebachtal,daily,2015122600,all-access,all-agents,3
de.wikipedia,Uebachtal,daily,2015122900,all-access,all-agents,3
de.wikipedia,Uebachtal,daily,2015123000,all-access,all-agents,1
de.wikipedia,Uebachtal,daily,2015123100,all-access,all-agents,1
de.wikipedia,Uebachtal,daily,2016010100,all-access,all-agents,1
de.wikipedia,Uebachtal,daily,2016010200,all-access,all-agents,3
de.wikipedia,Uebachtal,daily,2016010300,all-access,all-agents,1
de.wikipedia,Uebachtal,daily,2016010400,all-access,all-agents,1
de.wikipedia,Uebachtal,daily,2016010700,all-access,all-agents,2
de.wikipedia,Uebachtal,daily,2016010900,all-access,all-agents,2
de.wikipedia,Uebachtal,daily,2016011000,all-access,all-agents,1
de.wikipedia,Uebachtal,daily,2016011100,all-access,all-agents,1
de.wikipedia,Uebachtal,daily,2016011200,all-access,all-agents,1
de.wikipedia,Uebachtal,daily,2016011600,all-access,all-agents,2
de.wikipedia,Uebachtal,daily,2016012100,all-access,all-agents,2
de.wikipedia,Uebachtal,daily,2016012300,all-access,all-agents,2
de.wikipedia,Uebachtal,daily,2016012400,all-access,all-agents,1
de.wikipedia,Uebachtal,daily,2016012500,all-access,all-agents,1
de.wikipedia,Uebachtal,daily,2016013000,all-access,all-agents,3
de.wikipedia,Uebachtal,daily,2016013100,all-access,all-agents,2
de.wikipedia,Uebachtal,daily,2016020100,all-access,all-agents,2
de.wikipedia,Uebachtal,daily,2016020200,all-access,all-agents,1
de.wikipedia,Uebachtal,daily,2016020300,all-access,all-agents,2
de.wikipedia,Uebachtal,daily,2016020500,all-access,all-agents,2
de.wikipedia,Uebachtal,daily,2016020600,all-access,all-agents,2
de.wikipedia,Uebachtal,daily,2016020800,all-access,all-agents,1
de.wikipedia,Uebachtal,daily,2016021000,all-access,all-agents,4
de.wikipedia,Uebachtal,daily,2016021100,all-access,all-agents,1
de.wikipedia,Uebachtal,daily,2016021200,all-access,all-agents,1
de.wikipedia,Uebachtal,daily,2016021300,all-access,all-agents,2
de.wikipedia,Uebachtal,daily,2016021400,all-access,all-agents,2
de.wikipedia,Uebachtal,daily,2016021900,all-access,all-agents,2
de.wikipedia,Uebachtal,daily,2016022000,all-access,all-agents,2
de.wikipedia,Uebachtal,daily,2016022100,all-access,all-agents,1
de.wikipedia,Uebachtal,daily,2016022400,all-access,all-agents,1
de.wikipedia,Uebachtal,daily,2016022600,all-access,all-agents,2
de.wikipedia,Uebachtal,daily,2016022700,all-access,all-agents,3
de.wikipedia,Uebachtal,daily,2016022800,all-access,all-agents,1
de.wikipedia,Uebachtal,daily,2016030100,all-access,all-agents,1
de.wikipedia,Uebachtal,daily,2016030200,all-access,all-agents,4
de.wikipedia,Uebachtal,daily,2016030300,all-access,all-agents,3
de.wikipedia,Uebachtal,daily,2016030400,all-access,all-agents,1
de.wikipedia,Uebachtal,daily,2016030500,all-access,all-agents,2
de.wikipedia,Uebachtal,daily,2016030600,all-access,all-agents,1
de.wikipedia,Uebachtal,daily,2016030700,all-access,all-agents,1
de.wikipedia,Uebachtal,daily,2016030800,all-access,all-agents,1
de.wikipedia,Uebachtal,daily,2016031000,all-access,all-agents,2
de.wikipedia,Uebachtal,daily,2016031100,all-access,all-agents,1
de.wikipedia,Uebachtal,daily,2016031200,all-access,all-agents,6
de.wikipedia,Uebachtal,daily,2016031500,all-access,all-agents,4
de.wikipedia,Uebachtal,daily,2016031600,all-access,all-agents,2
de.wikipedia,Uebachtal,daily,2016031700,all-access,all-agents,1
de.wikipedia,Uebachtal,daily,2016031900,all-access,all-agents,3
de.wikipedia,Uebachtal,daily,2016032100,all-access,all-agents,3
de.wikipedia,Uebachtal,daily,2016032200,all-access,all-agents,1
de.wikipedia,Uebachtal,daily,2016032400,all-access,all-agents,2
de.wikipedia,Uebachtal,daily,2016032600,all-access,all-agents,2
de.wikipedia,Uebachtal,daily,2016032800,all-access,all-agents,3
de.wikipedia,Uebachtal,daily,2016032900,all-access,all-agents,1
de.wikipedia,Uebachtal,daily,2016040100,all-access,all-agents,1
de.wikipedia,Uebachtal,daily,2016040200,all-access,all-agents,2
de.wikipedia,Uebachtal,daily,2016040300,all-access,all-agents,1
de.wikipedia,Uebachtal,daily,2016040400,all-access,all-agents,3
de.wikipedia,Uebachtal,daily,2016040600,all-access,all-agents,2
de.wikipedia,Uebachtal,daily,2016040700,all-access,all-agents,2
de.wikipedia,Uebachtal,daily,2016040800,all-access,all-agents,2
de.wikipedia,Uebachtal,daily,2016040900,all-access,all-agents,2
de.wikipedia,Uebachtal,daily,2016041000,all-access,all-agents,2
de.wikipedia,Uebachtal,daily,2016041100,all-access,all-agents,4
de.wikipedia,Uebachtal,daily,2016041200,all-access,all-agents,2
de.wikipedia,Uebachtal,daily,2016041300,all-access,all-agents,1
de.wikipedia,Uebachtal,daily,2016041400,all-access,all-agents,1
de.wikipedia,Uebachtal,daily,2016041500,all-access,all-agents,3
de.wikipedia,Uebachtal,daily,2016041700,all-access,all-agents,1
de.wikipedia,Uebachtal,daily,2016041800,all-access,all-agents,3
de.wikipedia,Uebachtal,daily,2016042000,all-access,all-agents,2
de.wikipedia,Uebachtal,daily,2016042100,all-access,all-agents,1
de.wikipedia,Uebachtal,daily,2016042200,all-access,all-agents,1
de.wikipedia,Uebachtal,daily,2016042300,all-access,all-agents,3
de.wikipedia,Uebachtal,daily,2016042400,all-access,all-agents,1
de.wikipedia,Uebachtal,daily,2016042500,all-access,all-agents,2
de.wikipedia,Uebachtal,daily,2016042600,all-access,all-agents,2
de.wikipedia,Uebachtal,daily,2016042700,all-access,all-agents,1
de.wikipedia,Uebachtal,daily,2016042800,all-access,all-agents,1
de.wikipedia,Uebachtal,daily,2016042900,all-access,all-agents,1
de.wikipedia,Uebachtal,daily,2016043000,all-access,all-agents,2
de.wikipedia,Uebachtal,daily,2016050300,all-access,all-agents,2
de.wikipedia,Uebachtal,daily,2016050400,all-access,all-agents,2
de.wikipedia,Uebachtal,daily,2016050500,all-access,all-agents,2
de.wikipedia,Uebachtal,daily,2016050700,all-access,all-agents,3
de.wikipedia,Uebachtal,daily,2016050800,all-access,all-agents,1
de.wikipedia,Uebachtal,daily,2016051000,all-access,all-agents,1
de.wikipedia,Uebachtal,daily,2016051100,all-access,all-agents,3
de.wikipedia,Uebachtal,daily,2016051200,all-access,all-agents,3
de.wikipedia,Uebachtal,daily,2016051400,all-access,all-agents,2
de.wikipedia,Uebachtal,daily,2016051500,all-access,all-agents,1
de.wikipedia,Uebachtal,daily,2016051600,all-access,all-agents,2
de.wikipedia,Uebachtal,daily,2016051700,all-access,all-agents,1
de.wikipedia,Uebachtal,daily,2016051900,all-access,all-agents,1
de.wikipedia,Uebachtal,daily,2016052000,all-access,all-agents,2
de.wikipedia,Uebachtal,daily,2016052100,all-access,all-agents,2
de.wikipedia,Uebachtal,daily,2016052400,all-access,all-agents,2
de.wikipedia,Uebachtal,daily,2016052500,all-access,all-agents,1
de.wikipedia,Uebachtal,daily,2016052600,all-access,all-agents,1
de.wikipedia,Uebachtal,daily,2016052700,all-access,all-agents,1
de.wikipedia,Uebachtal,daily,2016052800,all-access,all-agents,2
de.wikipedia,Uebachtal,daily,2016052900,all-access,all-agents,4
de.wikipedia,Uebachtal,daily,2016053000,all-access,all-agents,2
de.wikipedia,Uebachtal,daily,2016053100,all-access,all-agents,4
de.wikipedia,Uebachtal,daily,2016060100,all-access,all-agents,1
de.wikipedia,Uebachtal,daily,2016060200,all-access,all-agents,1
de.wikipedia,Uebachtal,daily,2016060400,all-access,all-agents,2
de.wikipedia,Uebachtal,daily,2016060500,all-access,all-agents,1
de.wikipedia,Uebachtal,daily,2016060700,all-access,all-agents,1
de.wikipedia,Uebachtal,daily,2016060800,all-access,all-agents,2
de.wikipedia,Uebachtal,daily,2016060900,all-access,all-agents,3
de.wikipedia,Uebachtal,daily,2016061000,all-access,all-agents,2
de.wikipedia,Uebachtal,daily,2016061100,all-access,all-agents,2
de.wikipedia,Uebachtal,daily,2016061500,all-access,all-agents,5
de.wikipedia,Uebachtal,daily,2016061600,all-access,all-agents,1
de.wikipedia,Uebachtal,daily,2016061800,all-access,all-agents,2
de.wikipedia,Uebachtal,daily,2016061900,all-access,all-agents,2
de.wikipedia,Uebachtal,daily,2016062000,all-access,all-agents,2
de.wikipedia,Uebachtal,daily,2016062200,all-access,all-agents,1
de.wikipedia,Uebachtal,daily,2016062500,all-access,all-agents,4
de.wikipedia,Uebachtal,daily,2016062700,all-access,all-agents,1
de.wikipedia,Uebachtal,daily,2016062800,all-access,all-agents,3
de.wikipedia,Uebachtal,daily,2016063000,all-access,all-agents,2
de.wikipedia,Uebachtal,daily,2016070100,all-access,all-agents,1
de.wikipedia,Uebachtal,daily,2016070200,all-access,all-agents,3
de.wikipedia,Uebachtal,daily,2016070400,all-access,all-agents,1
de.wikipedia,Uebachtal,daily,2016070500,all-access,all-agents,3
de.wikipedia,Uebachtal,daily,2016070600,all-access,all-agents,3
de.wikipedia,Uebachtal,daily,2016070900,all-access,all-agents,3
de.wikipedia,Uebachtal,daily,2016071000,all-access,all-agents,1
de.wikipedia,Uebachtal,daily,2016071100,all-access,all-agents,1
de.wikipedia,Uebachtal,daily,2016071200,all-access,all-agents,1
de.wikipedia,Uebachtal,daily,2016071300,all-access,all-agents,1
de.wikipedia,Uebachtal,daily,2016071400,all-access,all-agents,3
de.wikipedia,Uebachtal,daily,2016071500,all-access,all-agents,1
de.wikipedia,Uebachtal,daily,2016071600,all-access,all-agents,4
de.wikipedia,Uebachtal,daily,2016071700,all-access,all-agents,1
de.wikipedia,Uebachtal,daily,2016071800,all-access,all-agents,1
de.wikipedia,Uebachtal,daily,2016071900,all-access,all-agents,1
de.wikipedia,Uebachtal,daily,2016072000,all-access,all-agents,1
de.wikipedia,Uebachtal,daily,2016072100,all-access,all-agents,2
de.wikipedia,Uebachtal,daily,2016072200,all-access,all-agents,1
de.wikipedia,Uebachtal,daily,2016072300,all-access,all-agents,2
de.wikipedia,Uebachtal,daily,2016072500,all-access,all-agents,2
de.wikipedia,Uebachtal,daily,2016072600,all-access,all-agents,3
de.wikipedia,Uebachtal,daily,2016072700,all-access,all-agents,2
de.wikipedia,Uebachtal,daily,2016072900,all-access,all-agents,2
de.wikipedia,Uebachtal,daily,2016073000,all-access,all-agents,7
de.wikipedia,Uebachtal,daily,2016073100,all-access,all-agents,1
de.wikipedia,Uebachtal,daily,2016080100,all-access,all-agents,3
de.wikipedia,Uebachtal,daily,2016080300,all-access,all-agents,2
de.wikipedia,Uebachtal,daily,2016080400,all-access,all-agents,3
de.wikipedia,Uebachtal,daily,2016080500,all-access,all-agents,1
de.wikipedia,Uebachtal,daily,2016080600,all-access,all-agents,3
de.wikipedia,Uebachtal,daily,2016080900,all-access,all-agents,1
de.wikipedia,Uebachtal,daily,2016081100,all-access,all-agents,3
de.wikipedia,Uebachtal,daily,2016081300,all-access,all-agents,2
de.wikipedia,Uebachtal,daily,2016081400,all-access,all-agents,1
de.wikipedia,Uebachtal,daily,2016081700,all-access,all-agents,2
de.wikipedia,Uebachtal,daily,2016081900,all-access,all-agents,1
de.wikipedia,Uebachtal,daily,2016082000,all-access,all-agents,4
de.wikipedia,Uebachtal,daily,2016082200,all-access,all-agents,2
de.wikipedia,Uebachtal,daily,2016082500,all-access,all-agents,2
de.wikipedia,Uebachtal,daily,2016082700,all-access,all-agents,2
de.wikipedia,Uebachtal,daily,2016082800,all-access,all-agents,1
de.wikipedia,Uebachtal,daily,2016082900,all-access,all-agents,1
de.wikipedia,Uebachtal,daily,2016090300,all-access,all-agents,3
de.wikipedia,Uebachtal,daily,2016090400,all-access,all-agents,1
de.wikipedia,Uebachtal,daily,2016090500,all-access,all-agents,1
de.wikipedia,Uebachtal,daily,2016090800,all-access,all-agents,1
de.wikipedia,Uebachtal,daily,2016091000,all-access,all-agents,3
de.wikipedia,Uebachtal,daily,2016091100,all-access,all-agents,1
de.wikipedia,Uebachtal,daily,2016091400,all-access,all-agents,1
de.wikipedia,Uebachtal,daily,2016091500,all-access,all-agents,1
de.wikipedia,Uebachtal,daily,2016091600,all-access,all-agents,1
de.wikipedia,Uebachtal,daily,2016091700,all-access,all-agents,3
de.wikipedia,Uebachtal,daily,2016091800,all-access,all-agents,1
de.wikipedia,Uebachtal,daily,2016091900,all-access,all-agents,5
de.wikipedia,Uebachtal,daily,2016092400,all-access,all-agents,2
de.wikipedia,Uebachtal,daily,2016092500,all-access,all-agents,1
de.wikipedia,Uebachtal,daily,2016092600,all-access,all-agents,1
de.wikipedia,Uebachtal,daily,2016092900,all-access,all-agents,1
de.wikipedia,Uebachtal,daily,2016093000,all-access,all-agents,2
de.wikipedia,Uebachtal,daily,2016100100,all-access,all-agents,4
de.wikipedia,Uebachtal,daily,2016100200,all-access,all-agents,1
de.wikipedia,Uebachtal,daily,2016100300,all-access,all-agents,2
de.wikipedia,Uebachtal,daily,2016100400,all-access,all-agents,1
de.wikipedia,Uebachtal,daily,2016100500,all-access,all-agents,3
de.wikipedia,Uebachtal,daily,2016100700,all-access,all-agents,1
de.wikipedia,Uebachtal,daily,2016100800,all-access,all-agents,2
de.wikipedia,Uebachtal,daily,2016101200,all-access,all-agents,2
de.wikipedia,Uebachtal,daily,2016101300,all-access,all-agents,2
de.wikipedia,Uebachtal,daily,2016101400,all-access,all-agents,5
de.wikipedia,Uebachtal,daily,2016101500,all-access,all-agents,4
de.wikipedia,Uebachtal,daily,2016101700,all-access,all-agents,4
de.wikipedia,Uebachtal,daily,2016101800,all-access,all-agents,1
de.wikipedia,Uebachtal,daily,2016101900,all-access,all-agents,1
de.wikipedia,Uebachtal,daily,2016102100,all-access,all-agents,1
de.wikipedia,Uebachtal,daily,2016102200,all-access,all-agents,2
de.wikipedia,Uebachtal,daily,2016102300,all-access,all-agents,1
de.wikipedia,Uebachtal,daily,2016102700,all-access,all-agents,1
de.wikipedia,Uebachtal,daily,2016102800,all-access,all-agents,2
de.wikipedia,Uebachtal,daily,2016102900,all-access,all-agents,2
de.wikipedia,Uebachtal,daily,2016103000,all-access,all-agents,2
de.wikipedia,Uebachtal,daily,2016103100,all-access,all-agents,2
de.wikipedia,Uebachtal,daily,2016110100,all-access,all-agents,1
de.wikipedia,Uebachtal,daily,2016110200,all-access,all-agents,1
de.wikipedia,Uebachtal,daily,2016110500,all-access,all-agents,3
de.wikipedia,Uebachtal,daily,2016110700,all-access,all-agents,2
de.wikipedia,Uebachtal,daily,2016110900,all-access,all-agents,1
de.wikipedia,Uebachtal,daily,2016111100,all-access,all-agents,3
de.wikipedia,Uebachtal,daily,2016111200,all-access,all-agents,2
de.wikipedia,Uebachtal,daily,2016111300,all-access,all-agents,3
de.wikipedia,Uebachtal,daily,2016111400,all-access,all-agents,1
de.wikipedia,Uebachtal,daily,2016111500,all-access,all-agents,3
de.wikipedia,Uebachtal,daily,2016111900,all-access,all-agents,2
de.wikipedia,Uebachtal,daily,2016112000,all-access,all-agents,2
de.wikipedia,Uebachtal,daily,2016112200,all-access,all-agents,2
de.wikipedia,Uebachtal,daily,2016112300,all-access,all-agents,1
de.wikipedia,Uebachtal,daily,2016112600,all-access,all-agents,2
de.wikipedia,Uebachtal,daily,2016112700,all-access,all-agents,1
de.wikipedia,Uebachtal,daily,2016112800,all-access,all-agents,2
de.wikipedia,Uebachtal,daily,2016120200,all-access,all-agents,1
de.wikipedia,Uebachtal,daily,2016120300,all-access,all-agents,4
de.wikipedia,Uebachtal,daily,2016120400,all-access,all-agents,1
de.wikipedia,Uebachtal,daily,2016120600,all-access,all-agents,3
de.wikipedia,Uebachtal,daily,2016120800,all-access,all-agents,1
de.wikipedia,Uebachtal,daily,2016120900,all-access,all-agents,1
de.wikipedia,Uebachtal,daily,2016121000,all-access,all-agents,4
de.wikipedia,Uebachtal,daily,2016121100,all-access,all-agents,1
de.wikipedia,Uebachtal,daily,2016121200,all-access,all-agents,3
de.wikipedia,Uebachtal,daily,2016121300,all-access,all-agents,1
de.wikipedia,Uebachtal,daily,2016121400,all-access,all-agents,1
de.wikipedia,Uebachtal,daily,2016121600,all-access,all-agents,2
de.wikipedia,Uebachtal,daily,2016121700,all-access,all-agents,3
de.wikipedia,Uebachtal,daily,2016121800,all-access,all-agents,4
de.wikipedia,Uebachtal,daily,2016121900,all-access,all-agents,3
de.wikipedia,Uebachtal,daily,2016122000,all-access,all-agents,1
de.wikipedia,Uebachtal,daily,2016122100,all-access,all-agents,2
de.wikipedia,Uebachtal,daily,2016122400,all-access,all-agents,3
de.wikipedia,Uebachtal,daily,2016122700,all-access,all-agents,4
de.wikipedia,Uebachtal,daily,2016122800,all-access,all-agents,1
de.wikipedia,Uebachtal,daily,2016123000,all-access,all-agents,1
de.wikipedia,Uebachtal,daily,2016123100,all-access,all-agents,2
de.wikipedia,Uebachtal,daily,2017010100,all-access,all-agents,1
de.wikipedia,Uebachtal,daily,2017010200,all-access,all-agents,1
de.wikipedia,Uebachtal,daily,2017010400,all-access,all-agents,2
de.wikipedia,Uebachtal,daily,2017010700,all-access,all-agents,3
de.wikipedia,Uebachtal,daily,2017010800,all-access,all-agents,2
de.wikipedia,Uebachtal,daily,2017010900,all-access,all-agents,1
de.wikipedia,Uebachtal,daily,2017011000,all-access,all-agents,1
de.wikipedia,Uebachtal,daily,2017011100,all-access,all-agents,1
de.wikipedia,Uebachtal,daily,2017011200,all-access,all-agents,1
de.wikipedia,Uebachtal,daily,2017011300,all-access,all-agents,2
de.wikipedia,Uebachtal,daily,2017011400,all-access,all-agents,2
de.wikipedia,Uebachtal,daily,2017011500,all-access,all-agents,1
de.wikipedia,Uebachtal,daily,2017011600,all-access,all-agents,1
de.wikipedia,Uebachtal,daily,2017011800,all-access,all-agents,2
de.wikipedia,Uebachtal,daily,2017011900,all-access,all-agents,1
de.wikipedia,Uebachtal,daily,2017012000,all-access,all-agents,2
de.wikipedia,Uebachtal,daily,2017012100,all-access,all-agents,2
de.wikipedia,Uebachtal,daily,2017012200,all-access,all-agents,1
de.wikipedia,Uebachtal,daily,2017012400,all-access,all-agents,2
de.wikipedia,Uebachtal,daily,2017012500,all-access,all-agents,3
de.wikipedia,Uebachtal,daily,2017012600,all-access,all-agents,1
de.wikipedia,Uebachtal,daily,2017012700,all-access,all-agents,2
de.wikipedia,Uebachtal,daily,2017012800,all-access,all-agents,3
de.wikipedia,Uebachtal,daily,2017012900,all-access,all-agents,1
de.wikipedia,Uebachtal,daily,2017013000,all-access,all-agents,2
de.wikipedia,Uebachtal,daily,2017013100,all-access,all-agents,5
de.wikipedia,Uebachtal,daily,2017020200,all-access,all-agents,2
de.wikipedia,Uebachtal,daily,2017020400,all-access,all-agents,3
de.wikipedia,Uebachtal,daily,2017020600,all-access,all-agents,3
de.wikipedia,Uebachtal,daily,2017020700,all-access,all-agents,3
de.wikipedia,Uebachtal,daily,2017020800,all-access,all-agents,2
de.wikipedia,Uebachtal,daily,2017021100,all-access,all-agents,3
de.wikipedia,Uebachtal,daily,2017021200,all-access,all-agents,1
de.wikipedia,Uebachtal,daily,2017021500,all-access,all-agents,1
de.wikipedia,Uebachtal,daily,2017021600,all-access,all-agents,2
de.wikipedia,Uebachtal,daily,2017021700,all-access,all-agents,3
de.wikipedia,Uebachtal,daily,2017021800,all-access,all-agents,3
de.wikipedia,Uebachtal,daily,2017022000,all-access,all-agents,1
de.wikipedia,Uebachtal,daily,2017022100,all-access,all-agents,4
de.wikipedia,Uebachtal,daily,2017022200,all-access,all-agents,2
de.wikipedia,Uebachtal,daily,2017022400,all-access,all-agents,12
de.wikipedia,Uebachtal,daily,2017022500,all-access,all-agents,3
de.wikipedia,Uebachtal,daily,2017022600,all-access,all-agents,1
de.wikipedia,Uebachtal,daily,2017022800,all-access,all-agents,1
de.wikipedia,Uebachtal,daily,2017030100,all-access,all-agents,2
de.wikipedia,Uebachtal,daily,2017030200,all-access,all-agents,1
de.wikipedia,Uebachtal,daily,2017030300,all-access,all-agents,1
de.wikipedia,Uebachtal,daily,2017030400,all-access,all-agents,3
de.wikipedia,Uebachtal,daily,2017030500,all-access,all-agents,1
de.wikipedia,Uebachtal,daily,2017030800,all-access,all-agents,1
de.wikipedia,Uebachtal,daily,2017030900,all-access,all-agents,1
de.wikipedia,Uebachtal,daily,2017031000,all-access,all-agents,1
de.wikipedia,Uebachtal,daily,2017031100,all-access,all-agents,2
de.wikipedia,Uebachtal,daily,2017031400,all-access,all-agents,1
de.wikipedia,Uebachtal,daily,2017031700,all-access,all-agents,1
de.wikipedia,Uebachtal,daily,2017031800,all-access,all-agents,4
de.wikipedia,Uebachtal,daily,2017031900,all-access,all-agents,1
de.wikipedia,Uebachtal,daily,2017032000,all-access,all-agents,1
de.wikipedia,Uebachtal,daily,2017032300,all-access,all-agents,4
de.wikipedia,Uebachtal,daily,2017032400,all-access,all-agents,1
de.wikipedia,Uebachtal,daily,2017032500,all-access,all-agents,3
de.wikipedia,Uebachtal,daily,2017032700,all-access,all-agents,1
de.wikipedia,Uebachtal,daily,2017032900,all-access,all-agents,1
de.wikipedia,Uebachtal,daily,2017033000,all-access,all-agents,2
de.wikipedia,Uebachtal,daily,2017040100,all-access,all-agents,2
de.wikipedia,Uebachtal,daily,2017040300,all-access,all-agents,1
de.wikipedia,Uebachtal,daily,2017040400,all-access,all-agents,1
de.wikipedia,Uebachtal,daily,2017040600,all-access,all-agents,2
de.wikipedia,Uebachtal,daily,2017040700,all-access,all-agents,10
de.wikipedia,Uebachtal,daily,2017040800,all-access,all-agents,2
de.wikipedia,Uebachtal,daily,2017040900,all-access,all-agents,5
de.wikipedia,Uebachtal,daily,2017041000,all-access,all-agents,7
de.wikipedia,Uebachtal,daily,2017041100,all-access,all-agents,7
de.wikipedia,Uebachtal,daily,2017041400,all-access,all-agents,2
de.wikipedia,Uebachtal,daily,2017041500,all-access,all-agents,3
de.wikipedia,Uebachtal,daily,2017041700,all-access,all-agents,1
de.wikipedia,Uebachtal,daily,2017041900,all-access,all-agents,2
de.wikipedia,Uebachtal,daily,2017042000,all-access,all-agents,1
de.wikipedia,Uebachtal,daily,2017042200,all-access,all-agents,7
de.wikipedia,Uebachtal,daily,2017042400,all-access,all-agents,1
de.wikipedia,Uebachtal,daily,2017042500,all-access,all-agents,2
de.wikipedia,Uebachtal,daily,2017042600,all-access,all-agents,1
de.wikipedia,Uebachtal,daily,2017042700,all-access,all-agents,2
de.wikipedia,Uebachtal,daily,2017042800,all-access,all-agents,4
de.wikipedia,Uebachtal,daily,2017042900,all-access,all-agents,3
de.wikipedia,Uebachtal,daily,2017050100,all-access,all-agents,1
de.wikipedia,Uebachtal,daily,2017050200,all-access,all-agents,2
de.wikipedia,Uebachtal,daily,2017050300,all-access,all-agents,2
de.wikipedia,Uebachtal,daily,2017050400,all-access,all-agents,2
de.wikipedia,Uebachtal,daily,2017050500,all-access,all-agents,1
de.wikipedia,Uebachtal,daily,2017050600,all-access,all-agents,3
de.wikipedia,Uebachtal,daily,2017050700,all-access,all-agents,1
de.wikipedia,Uebachtal,daily,2017050900,all-access,all-agents,1
de.wikipedia,Uebachtal,daily,2017051000,all-access,all-agents,2
de.wikipedia,Uebachtal,daily,2017051100,all-access,all-agents,2
de.wikipedia,Uebachtal,daily,2017051200,all-access,all-agents,2
de.wikipedia,Uebachtal,daily,2017051300,all-access,all-agents,2
de.wikipedia,Uebachtal,daily,2017051600,all-access,all-agents,1
de.wikipedia,Uebachtal,daily,2017051800,all-access,all-agents,2
de.wikipedia,Uebachtal,daily,2017052000,all-access,all-agents,4
de.wikipedia,Uebachtal,daily,2017052100,all-access,all-agents,1
de.wikipedia,Uebachtal,daily,2017052200,all-access,all-agents,3
de.wikipedia,Uebachtal,daily,2017052300,all-access,all-agents,1
de.wikipedia,Uebachtal,daily,2017052700,all-access,all-agents,3
de.wikipedia,Uebachtal,daily,2017052900,all-access,all-agents,2
de.wikipedia,Uebachtal,daily,2017053000,all-access,all-agents,1
de.wikipedia,Uebachtal,daily,2017053100,all-access,all-agents,1
de.wikipedia,Uebachtal,daily,2017060100,all-access,all-agents,4
de.wikipedia,Uebachtal,daily,2017060200,all-access,all-agents,1
de.wikipedia,Uebachtal,daily,2017060300,all-access,all-agents,3
de.wikipedia,Uebachtal,daily,2017060500,all-access,all-agents,3
de.wikipedia,Uebachtal,daily,2017060600,all-access,all-agents,1
de.wikipedia,Uebachtal,daily,2017060700,all-access,all-agents,1
de.wikipedia,Uebachtal,daily,2017060900,all-access,all-agents,2
de.wikipedia,Uebachtal,daily,2017061000,all-access,all-agents,2
de.wikipedia,Uebachtal,daily,2017061100,all-access,all-agents,2
de.wikipedia,Uebachtal,daily,2017061200,all-access,all-agents,1
de.wikipedia,Uebachtal,daily,2017061300,all-access,all-agents,2
de.wikipedia,Uebachtal,daily,2017061500,all-access,all-agents,2
de.wikipedia,Uebachtal,daily,2017061600,all-access,all-agents,1
de.wikipedia,Uebachtal,daily,2017061700,all-access,all-agents,2
de.wikipedia,Uebachtal,daily,2017061800,all-access,all-agents,3
de.wikipedia,Uebachtal,daily,2017061900,all-access,all-agents,1
de.wikipedia,Uebachtal,daily,2017062000,all-access,all-agents,2
de.wikipedia,Uebachtal,daily,2017062100,all-access,all-agents,1
de.wikipedia,Uebachtal,daily,2017062200,all-access,all-agents,1
de.wikipedia,Uebachtal,daily,2017062300,all-access,all-agents,1
de.wikipedia,Uebachtal,daily,2017062400,all-access,all-agents,4
de.wikipedia,Uebachtal,daily,2017062700,all-access,all-agents,2
de.wikipedia,Uebachtal,daily,2017063000,all-access,all-agents,1
de.wikipedia,Uebachtal,daily,2017070100,all-access,all-agents,4
de.wikipedia,Uebachtal,daily,2017070200,all-access,all-agents,1
de.wikipedia,Uebachtal,daily,2017070300,all-access,all-agents,2
de.wikipedia,Uebachtal,daily,2017070400,all-access,all-agents,1
de.wikipedia,Uebachtal,daily,2017070500,all-access,all-agents,2
de.wikipedia,Uebachtal,daily,2017070800,all-access,all-agents,1
de.wikipedia,Uebachtal,daily,2017070900,all-access,all-agents,1
de.wikipedia,Uebachtal,daily,2017071100,all-access,all-agents,1
de.wikipedia,Uebachtal,daily,2017071400,all-access,all-agents,2
de.wikipedia,Uebachtal,daily,2017071500,all-access,all-agents,2
de.wikipedia,Uebachtal,daily,2017071700,all-access,all-agents,1
de.wikipedia,Uebachtal,daily,2017071900,all-access,all-agents,1
de.wikipedia,Uebachtal,daily,2017072000,all-access,all-agents,2
de.wikipedia,Uebachtal,daily,2017072200,all-access,all-agents,2
de.wikipedia,Uebachtal,daily,2017072300,all-access,all-agents,1
de.wikipedia,Uebachtal,daily,2017072500,all-access,all-agents,1
de.wikipedia,Uebachtal,daily,2017072600,all-access,all-agents,1
de.wikipedia,Uebachtal,daily,2017072800,all-access,all-agents,1
de.wikipedia,Uebachtal,daily,2017072900,all-access,all-agents,2
de.wikipedia,Uebachtal,daily,2017073100,all-access,all-agents,1
de.wikipedia,Uebachtal,daily,2017080100,all-access,all-agents,1
de.wikipedia,Uebachtal,daily,2017080500,all-access,all-agents,5
de.wikipedia,Uebachtal,daily,2017080800,all-access,all-agents,1
de.wikipedia,Uebachtal,daily,2017081000,all-access,all-agents,2
de.wikipedia,Uebachtal,daily,2017081200,all-access,all-agents,1
de.wikipedia,Uebachtal,daily,2017081400,all-access,all-agents,1
de.wikipedia,Uebachtal,daily,2017081800,all-access,all-agents,1
de.wikipedia,Uebachtal,daily,2017081900,all-access,all-agents,1
de.wikipedia,Uebachtal,daily,2017082000,all-access,all-agents,7
de.wikipedia,Uebachtal,daily,2017082100,all-access,all-agents,1
de.wikipedia,Uebachtal,daily,2017082200,all-access,all-agents,2
de.wikipedia,Uebachtal,daily,2017082300,all-access,all-agents,2
de.wikipedia,Uebachtal,daily,2017082400,all-access,all-agents,1
de.wikipedia,Uebachtal,daily,2017082600,all-access,all-agents,5
de.wikipedia,Uebachtal,daily,2017082900,all-access,all-agents,1
de.wikipedia,Uebachtal,daily,2017083100,all-access,all-agents,1
de.wikipedia,Uebachtal,daily,2017090100,all-access,all-agents,2
de.wikipedia,Uebachtal,daily,2017090200,all-access,all-agents,2
de.wikipedia,Uebachtal,daily,2017090300,all-access,all-agents,1
de.wikipedia,Uebachtal,daily,2017090400,all-access,all-agents,1
de.wikipedia,Uebachtal,daily,2017090800,all-access,all-agents,1
de.wikipedia,Uebachtal,daily,2017090900,all-access,all-agents,2
de.wikipedia,Uebachtal,daily,2017091100,all-access,all-agents,3
de.wikipedia,Uebachtal,daily,2017091200,all-access,all-agents,2
de.wikipedia,Uebachtal,daily,2017091300,all-access,all-agents,2
de.wikipedia,Uebachtal,daily,2017091400,all-access,all-agents,2
de.wikipedia,Uebachtal,daily,2017091500,all-access,all-agents,1
de.wikipedia,Uebachtal,daily,2017091600,all-access,all-agents,2
de.wikipedia,Uebachtal,daily,2017092100,all-access,all-agents,1
de.wikipedia,Uebachtal,daily,2017092300,all-access,all-agents,2
de.wikipedia,Uebachtal,daily,2017092500,all-access,all-agents,1
de.wikipedia,Uebachtal,daily,2017092700,all-access,all-agents,2
de.wikipedia,Uebachtal,daily,2017092900,all-access,all-agents,2
de.wikipedia,Uebachtal,daily,2017093000,all-access,all-agents,3
de.wikipedia,Uebachtal,daily,2017100200,all-access,all-agents,2
de.wikipedia,Uebachtal,daily,2017100400,all-access,all-agents,1
de.wikipedia,Uebachtal,daily,2017100700,all-access,all-agents,1
de.wikipedia,Uebachtal,daily,2017100800,all-access,all-agents,2
de.wikipedia,Uebachtal,daily,2017100900,all-access,all-agents,1
de.wikipedia,Uebachtal,daily,2017101400,all-access,all-agents,2
de.wikipedia,Uebachtal,daily,2017101600,all-access,all-agents,2
de.wikipedia,Uebachtal,daily,2017101700,all-access,all-agents,1
de.wikipedia,Uebachtal,daily,2017101800,all-access,all-agents,1
de.wikipedia,Uebachtal,daily,2017102000,all-access,all-agents,1
de.wikipedia,Uebachtal,daily,2017102100,all-access,all-agents,2
de.wikipedia,Uebachtal,daily,2017102200,all-access,all-agents,2
de.wikipedia,Uebachtal,daily,2017102600,all-access,all-agents,1
de.wikipedia,Uebachtal,daily,2017102700,all-access,all-agents,1
de.wikipedia,Uebachtal,daily,2017103000,all-access,all-agents,2
de.wikipedia,Uebachtal,daily,2017103100,all-access,all-agents,1
de.wikipedia,Uebachtal,daily,2017110200,all-access,all-agents,1
de.wikipedia,Uebachtal,daily,2017110500,all-access,all-agents,1
de.wikipedia,Uebachtal,daily,2017110700,all-access,all-agents,3
de.wikipedia,Uebachtal,daily,2017110900,all-access,all-agents,1
de.wikipedia,Uebachtal,daily,2017111000,all-access,all-agents,2
de.wikipedia,Uebachtal,daily,2017111200,all-access,all-agents,2
de.wikipedia,Uebachtal,daily,2017111600,all-access,all-agents,1
de.wikipedia,Uebachtal,daily,2017111900,all-access,all-agents,2
de.wikipedia,Uebachtal,daily,2017112100,all-access,all-agents,1
de.wikipedia,Uebachtal,daily,2017112400,all-access,all-agents,2
de.wikipedia,Uebachtal,daily,2017112500,all-access,all-agents,1
de.wikipedia,Uebachtal,daily,2017112600,all-access,all-agents,3
de.wikipedia,Uebachtal,daily,2017112700,all-access,all-agents,1
de.wikipedia,Uebachtal,daily,2017112900,all-access,all-agents,1
de.wikipedia,Uebachtal,daily,2017120300,all-access,all-agents,2
de.wikipedia,Uebachtal,daily,2017120500,all-access,all-agents,1
de.wikipedia,Uebachtal,daily,2017120700,all-access,all-agents,1
de.wikipedia,Uebachtal,daily,2017120900,all-access,all-agents,5
de.wikipedia,Uebachtal,daily,2017121000,all-access,all-agents,2
de.wikipedia,Uebachtal,daily,2017121100,all-access,all-agents,1
de.wikipedia,Uebachtal,daily,2017121200,all-access,all-agents,2
de.wikipedia,Uebachtal,daily,2017121300,all-access,all-agents,2
de.wikipedia,Uebachtal,daily,2017121700,all-access,all-agents,2
de.wikipedia,Uebachtal,daily,2017121800,all-access,all-agents,2
de.wikipedia,Uebachtal,daily,2017121900,all-access,all-agents,2
de.wikipedia,Uebachtal,daily,2017122000,all-access,all-agents,2
de.wikipedia,Uebachtal,daily,2017122100,all-access,all-agents,1
de.wikipedia,Uebachtal,daily,2017122400,all-access,all-agents,1
de.wikipedia,Uebachtal,daily,2017122500,all-access,all-agents,1
de.wikipedia,Uebachtal,daily,2017122600,all-access,all-agents,1
de.wikipedia,Uebachtal,daily,2017122700,all-access,all-agents,1
de.wikipedia,Uebachtal,daily,2017122800,all-access,all-agents,2
de.wikipedia,Uebachtal,daily,2017122900,all-access,all-agents,1
de.wikipedia,Uebachtal,daily,2017123100,all-access,all-agents,1
de.wikipedia,Uebachtal,daily,2018010400,all-access,all-agents,2
de.wikipedia,Uebachtal,daily,2018010500,all-access,all-agents,3
de.wikipedia,Uebachtal,daily,2018010700,all-access,all-agents,2
de.wikipedia,Uebachtal,daily,2018010800,all-access,all-agents,1
de.wikipedia,Uebachtal,daily,2018011000,all-access,all-agents,2
de.wikipedia,Uebachtal,daily,2018011200,all-access,all-agents,1
de.wikipedia,Uebachtal,daily,2018011400,all-access,all-agents,2
de.wikipedia,Uebachtal,daily,2018011800,all-access,all-agents,1
de.wikipedia,Uebachtal,daily,2018012200,all-access,all-agents,5
de.wikipedia,Uebachtal,daily,2018012300,all-access,all-agents,1
de.wikipedia,Uebachtal,daily,2018012400,all-access,all-agents,1
de.wikipedia,Uebachtal,daily,2018012700,all-access,all-agents,1
de.wikipedia,Uebachtal,daily,2018012800,all-access,all-agents,2
de.wikipedia,Uebachtal,daily,2018013000,all-access,all-agents,1
de.wikipedia,Uebachtal,daily,2018020200,all-access,all-agents,1
de.wikipedia,Uebachtal,daily,2018020400,all-access,all-agents,3
de.wikipedia,Uebachtal,daily,2018020700,all-access,all-agents,2
de.wikipedia,Uebachtal,daily,2018020800,all-access,all-agents,1
de.wikipedia,Uebachtal,daily,2018021000,all-access,all-agents,1
de.wikipedia,Uebachtal,daily,2018021100,all-access,all-agents,4
de.wikipedia,Uebachtal,daily,2018021200,all-access,all-agents,2
de.wikipedia,Uebachtal,daily,2018021400,all-access,all-agents,1
de.wikipedia,Uebachtal,daily,2018021600,all-access,all-agents,2
de.wikipedia,Uebachtal,daily,2018021700,all-access,all-agents,2
de.wikipedia,Uebachtal,daily,2018021800,all-access,all-agents,3
de.wikipedia,Uebachtal,daily,2018022300,all-access,all-agents,1
de.wikipedia,Uebachtal,daily,2018022500,all-access,all-agents,2
de.wikipedia,Uebachtal,daily,2018022600,all-access,all-agents,3
de.wikipedia,Uebachtal,daily,2018022800,all-access,all-agents,3
de.wikipedia,Uebachtal,daily,2018030100,all-access,all-agents,1
de.wikipedia,Uebachtal,daily,2018030400,all-access,all-agents,3
de.wikipedia,Uebachtal,daily,2018030500,all-access,all-agents,1
de.wikipedia,Uebachtal,daily,2018030600,all-access,all-agents,1
de.wikipedia,Uebachtal,daily,2018030700,all-access,all-agents,2
de.wikipedia,Uebachtal,daily,2018031100,all-access,all-agents,1
de.wikipedia,Uebachtal,daily,2018031200,all-access,all-agents,3
de.wikipedia,Uebachtal,daily,2018031800,all-access,all-agents,2
de.wikipedia,Uebachtal,daily,2018031900,all-access,all-agents,1
de.wikipedia,Uebachtal,daily,2018032000,all-access,all-agents,2
de.wikipedia,Uebachtal,daily,2018032400,all-access,all-agents,2
de.wikipedia,Uebachtal,daily,2018032500,all-access,all-agents,2
de.wikipedia,Uebachtal,daily,2018032600,all-access,all-agents,1
de.wikipedia,Uebachtal,daily,2018032700,all-access,all-agents,2
de.wikipedia,Uebachtal,daily,2018032900,all-access,all-agents,1
de.wikipedia,Uebachtal,daily,2018033000,all-access,all-agents,1
de.wikipedia,Uebachtal,daily,2018033100,all-access,all-agents,4
de.wikipedia,Uebachtal,daily,2018040100,all-access,all-agents,2
de.wikipedia,Uebachtal,daily,2018040200,all-access,all-agents,1
de.wikipedia,Uebachtal,daily,2018040300,all-access,all-agents,2
de.wikipedia,Uebachtal,daily,2018040400,all-access,all-agents,2
de.wikipedia,Uebachtal,daily,2018040600,all-access,all-agents,1
de.wikipedia,Uebachtal,daily,2018040800,all-access,all-agents,3
de.wikipedia,Uebachtal,daily,2018041400,all-access,all-agents,1
de.wikipedia,Uebachtal,daily,2018041500,all-access,all-agents,4
de.wikipedia,Uebachtal,daily,2018041700,all-access,all-agents,1
de.wikipedia,Uebachtal,daily,2018041800,all-access,all-agents,1
de.wikipedia,Uebachtal,daily,2018042000,all-access,all-agents,1
de.wikipedia,Uebachtal,daily,2018042200,all-access,all-agents,3
de.wikipedia,Uebachtal,daily,2018042900,all-access,all-agents,4
de.wikipedia,Uebachtal,daily,2018050100,all-access,all-agents,1
de.wikipedia,Uebachtal,daily,2018050200,all-access,all-agents,2
de.wikipedia,Uebachtal,daily,2018050300,all-access,all-agents,2
de.wikipedia,Uebachtal,daily,2018050400,all-access,all-agents,2
de.wikipedia,Uebachtal,daily,2018050600,all-access,all-agents,2
de.wikipedia,Uebachtal,daily,2018051100,all-access,all-agents,2
de.wikipedia,Uebachtal,daily,2018051200,all-access,all-agents,1
de.wikipedia,Uebachtal,daily,2018051300,all-access,all-agents,2
de.wikipedia,Uebachtal,daily,2018051500,all-access,all-agents,3
de.wikipedia,Uebachtal,daily,2018051600,all-access,all-agents,1
de.wikipedia,Uebachtal,daily,2018051700,all-access,all-agents,1
de.wikipedia,Uebachtal,daily,2018052000,all-access,all-agents,2
de.wikipedia,Uebachtal,daily,2018052200,all-access,all-agents,1
de.wikipedia,Uebachtal,daily,2018052400,all-access,all-agents,1
de.wikipedia,Uebachtal,daily,2018052600,all-access,all-agents,2
de.wikipedia,Uebachtal,daily,2018052700,all-access,all-agents,3
de.wikipedia,Uebachtal,daily,2018052900,all-access,all-agents,1
de.wikipedia,Uebachtal,daily,2018060100,all-access,all-agents,1
de.wikipedia,Uebachtal,daily,2018060200,all-access,all-agents,1
de.wikipedia,Uebachtal,daily,2018060300,all-access,all-agents,2
de.wikipedia,Uebachtal,daily,2018060500,all-access,all-agents,1
de.wikipedia,Uebachtal,daily,2018060700,all-access,all-agents,2
de.wikipedia,Uebachtal,daily,2018060800,all-access,all-agents,1
de.wikipedia,Uebachtal,daily,2018061400,all-access,all-agents,1
de.wikipedia,Uebachtal,daily,2018061700,all-access,all-agents,1
de.wikipedia,Uebachtal,daily,2018061900,all-access,all-agents,1
de.wikipedia,Uebachtal,daily,2018062100,all-access,all-agents,1
de.wikipedia,Uebachtal,daily,2018062200,all-access,all-agents,1
de.wikipedia,Uebachtal,daily,2018062300,all-access,all-agents,1
de.wikipedia,Uebachtal,daily,2018062400,all-access,all-agents,1
de.wikipedia,Uebachtal,daily,2018062600,all-access,all-agents,2
de.wikipedia,Uebachtal,daily,2018063000,all-access,all-agents,2
de.wikipedia,Uebachtal,daily,2018070100,all-access,all-agents,1
de.wikipedia,Uebachtal,daily,2018070300,all-access,all-agents,1
de.wikipedia,Uebachtal,daily,2018070400,all-access,all-agents,1
de.wikipedia,Uebachtal,daily,2018070500,all-access,all-agents,1
de.wikipedia,Uebachtal,daily,2018070600,all-access,all-agents,1
de.wikipedia,Uebachtal,daily,2018070800,all-access,all-agents,1
de.wikipedia,Uebachtal,daily,2018070900,all-access,all-agents,1
de.wikipedia,Uebachtal,daily,2018071000,all-access,all-agents,2
de.wikipedia,Uebachtal,daily,2018071300,all-access,all-agents,2
de.wikipedia,Uebachtal,daily,2018071400,all-access,all-agents,2
de.wikipedia,Uebachtal,daily,2018071500,all-access,all-agents,3
de.wikipedia,Uebachtal,daily,2018071600,all-access,all-agents,1
de.wikipedia,Uebachtal,daily,2018071900,all-access,all-agents,1
de.wikipedia,Uebachtal,daily,2018072000,all-access,all-agents,1
de.wikipedia,Uebachtal,daily,2018072200,all-access,all-agents,2
de.wikipedia,Uebachtal,daily,2018072300,all-access,all-agents,1
de.wikipedia,Uebachtal,daily,2018072900,all-access,all-agents,9
de.wikipedia,Uebachtal,daily,2018073000,all-access,all-agents,1
de.wikipedia,Uebachtal,daily,2018073100,all-access,all-agents,4
de.wikipedia,Uebachtal,daily,2018080200,all-access,all-agents,2
de.wikipedia,Uebachtal,daily,2018080300,all-access,all-agents,4
de.wikipedia,Uebachtal,daily,2018080400,all-access,all-agents,1
de.wikipedia,Uebachtal,daily,2018080600,all-access,all-agents,1
de.wikipedia,Uebachtal,daily,2018080800,all-access,all-agents,1
de.wikipedia,Uebachtal,daily,2018081200,all-access,all-agents,4
de.wikipedia,Uebachtal,daily,2018081600,all-access,all-agents,1
de.wikipedia,Uebachtal,daily,2018081900,all-access,all-agents,1
de.wikipedia,Uebachtal,daily,2018082000,all-access,all-agents,1
de.wikipedia,Uebachtal,daily,2018082500,all-access,all-agents,1
de.wikipedia,Uebachtal,daily,2018082600,all-access,all-agents,2
de.wikipedia,Uebachtal,daily,2018082700,all-access,all-agents,1
de.wikipedia,Uebachtal,daily,2018082900,all-access,all-agents,1
de.wikipedia,Uebachtal,daily,2018083000,all-access,all-agents,1
de.wikipedia,Uebachtal,daily,2018083100,all-access,all-agents,2
de.wikipedia,Uebachtal,daily,2018090200,all-access,all-agents,1
de.wikipedia,Uebachtal,daily,2018090300,all-access,all-agents,1
de.wikipedia,Uebachtal,daily,2018090400,all-access,all-agents,1
de.wikipedia,Uebachtal,daily,2018090900,all-access,all-agents,2
de.wikipedia,Uebachtal,daily,2018091000,all-access,all-agents,1
de.wikipedia,Uebachtal,daily,2018091400,all-access,all-agents,2
de.wikipedia,Uebachtal,daily,2018091600,all-access,all-agents,1
de.wikipedia,Uebachtal,daily,2018091700,all-access,all-agents,1
de.wikipedia,Uebachtal,daily,2018092300,all-access,all-agents,3
de.wikipedia,Uebachtal,daily,2018092600,all-access,all-agents,2
de.wikipedia,Uebachtal,daily,2018092800,all-access,all-agents,4
de.wikipedia,Uebachtal,daily,2018092900,all-access,all-agents,1
de.wikipedia,Uebachtal,daily,2018093000,all-access,all-agents,3
de.wikipedia,Uebachtal,daily,2018100200,all-access,all-agents,1
de.wikipedia,Uebachtal,daily,2018100400,all-access,all-agents,2
de.wikipedia,Uebachtal,daily,2018100700,all-access,all-agents,3
de.wikipedia,Uebachtal,daily,2018100800,all-access,all-agents,3
de.wikipedia,Uebachtal,daily,2018100900,all-access,all-agents,2
de.wikipedia,Uebachtal,daily,2018101100,all-access,all-agents,2
de.wikipedia,Uebachtal,daily,2018101200,all-access,all-agents,1
de.wikipedia,Uebachtal,daily,2018101400,all-access,all-agents,1
de.wikipedia,Uebachtal,daily,2018101900,all-access,all-agents,2
de.wikipedia,Uebachtal,daily,2018102100,all-access,all-agents,2
de.wikipedia,Uebachtal,daily,2018102200,all-access,all-agents,1
de.wikipedia,Uebachtal,daily,2018102300,all-access,all-agents,1
de.wikipedia,Uebachtal,daily,2018102600,all-access,all-agents,1
de.wikipedia,Uebachtal,daily,2018102800,all-access,all-agents,1
de.wikipedia,Uebachtal,daily,2018102900,all-access,all-agents,1
de.wikipedia,Uebachtal,daily,2018103100,all-access,all-agents,2
de.wikipedia,Uebachtal,daily,2018110100,all-access,all-agents,6
de.wikipedia,Uebachtal,daily,2018110200,all-access,all-agents,1
de.wikipedia,Uebachtal,daily,2018110300,all-access,all-agents,2
de.wikipedia,Uebachtal,daily,2018110400,all-access,all-agents,5
de.wikipedia,Uebachtal,daily,2018110500,all-access,all-agents,1
de.wikipedia,Uebachtal,daily,2018110800,all-access,all-agents,1
de.wikipedia,Uebachtal,daily,2018110900,all-access,all-agents,1
de.wikipedia,Uebachtal,daily,2018111100,all-access,all-agents,1
de.wikipedia,Uebachtal,daily,2018111300,all-access,all-agents,2
de.wikipedia,Uebachtal,daily,2018111600,all-access,all-agents,2
de.wikipedia,Uebachtal,daily,2018111800,all-access,all-agents,1
de.wikipedia,Uebachtal,daily,2018112400,all-access,all-agents,1
de.wikipedia,Uebachtal,daily,2018112500,all-access,all-agents,2
de.wikipedia,Uebachtal,daily,2018112800,all-access,all-agents,1
de.wikipedia,Uebachtal,daily,2018113000,all-access,all-agents,1
de.wikipedia,Uebachtal,daily,2018120100,all-access,all-agents,1
de.wikipedia,Uebachtal,daily,2018120200,all-access,all-agents,1
de.wikipedia,Uebachtal,daily,2018120500,all-access,all-agents,1
de.wikipedia,Uebachtal,daily,2018120600,all-access,all-agents,1
de.wikipedia,Uebachtal,daily,2018120800,all-access,all-agents,1
de.wikipedia,Uebachtal,daily,2018120900,all-access,all-agents,3
de.wikipedia,Uebachtal,daily,2018121000,all-access,all-agents,1
de.wikipedia,Uebachtal,daily,2018121100,all-access,all-agents,1
de.wikipedia,Uebachtal,daily,2018121400,all-access,all-agents,2
de.wikipedia,Uebachtal,daily,2018121600,all-access,all-agents,2
de.wikipedia,Uebachtal,daily,2018121800,all-access,all-agents,2
de.wikipedia,Uebachtal,daily,2018121900,all-access,all-agents,1
de.wikipedia,Uebachtal,daily,2018122000,all-access,all-agents,2
de.wikipedia,Uebachtal,daily,2018122400,all-access,all-agents,3
de.wikipedia,Uebachtal,daily,2018122500,all-access,all-agents,1
de.wikipedia,Uebachtal,daily,2018122600,all-access,all-agents,1
de.wikipedia,Uebachtal,daily,2018122700,all-access,all-agents,2
de.wikipedia,Uebachtal,daily,2018123000,all-access,all-agents,2
de.wikipedia,Uebachtal,daily,2018123100,all-access,all-agents,1
de.wikipedia,Uebachtal,daily,2019010300,all-access,all-agents,1
de.wikipedia,Uebachtal,daily,2019010500,all-access,all-agents,2
de.wikipedia,Uebachtal,daily,2019010600,all-access,all-agents,3
de.wikipedia,Uebachtal,daily,2019010800,all-access,all-agents,2
de.wikipedia,Uebachtal,daily,2019011300,all-access,all-agents,1
de.wikipedia,Uebachtal,daily,2019011500,all-access,all-agents,1
de.wikipedia,Uebachtal,daily,2019011600,all-access,all-agents,2
de.wikipedia,Uebachtal,daily,2019011700,all-access,all-agents,1
de.wikipedia,Uebachtal,daily,2019011800,all-access,all-agents,1
de.wikipedia,Uebachtal,daily,2019012000,all-access,all-agents,2
de.wikipedia,Uebachtal,daily,2019012300,all-access,all-agents,1
de.wikipedia,Uebachtal,daily,2019012500,all-access,all-agents,3
de.wikipedia,Uebachtal,daily,2019012700,all-access,all-agents,1
de.wikipedia,Uebachtal,daily,2019012800,all-access,all-agents,1
de.wikipedia,Uebachtal,daily,2019013100,all-access,all-agents,1
de.wikipedia,Uebachtal,daily,2019020300,all-access,all-agents,2
de.wikipedia,Uebachtal,daily,2019020400,all-access,all-agents,1
de.wikipedia,Uebachtal,daily,2019020800,all-access,all-agents,1
de.wikipedia,Uebachtal,daily,2019020900,all-access,all-agents,1
de.wikipedia,Uebachtal,daily,2019021000,all-access,all-agents,2
de.wikipedia,Uebachtal,daily,2019021100,all-access,all-agents,2
de.wikipedia,Uebachtal,daily,2019021400,all-access,all-agents,1
de.wikipedia,Uebachtal,daily,2019021700,all-access,all-agents,1
de.wikipedia,Uebachtal,daily,2019022100,all-access,all-agents,1
de.wikipedia,Uebachtal,daily,2019022200,all-access,all-agents,1
de.wikipedia,Uebachtal,daily,2019022400,all-access,all-agents,2
de.wikipedia,Uebachtal,daily,2019022500,all-access,all-agents,2
de.wikipedia,Uebachtal,daily,2019022600,all-access,all-agents,2
de.wikipedia,Uebachtal,daily,2019030100,all-access,all-agents,1
de.wikipedia,Uebachtal,daily,2019030300,all-access,all-agents,2
de.wikipedia,Uebachtal,daily,2019030600,all-access,all-agents,1
de.wikipedia,Uebachtal,daily,2019030800,all-access,all-agents,1
de.wikipedia,Uebachtal,daily,2019031000,all-access,all-agents,3
de.wikipedia,Uebachtal,daily,2019031100,all-access,all-agents,1
de.wikipedia,Uebachtal,daily,2019031200,all-access,all-agents,1
de.wikipedia,Uebachtal,daily,2019031500,all-access,all-agents,1
de.wikipedia,Uebachtal,daily,2019031700,all-access,all-agents,2
de.wikipedia,Uebachtal,daily,2019031800,all-access,all-agents,1
de.wikipedia,Uebachtal,daily,2019031900,all-access,all-agents,3
de.wikipedia,Uebachtal,daily,2019032200,all-access,all-agents,1
de.wikipedia,Uebachtal,daily,2019032300,all-access,all-agents,1
de.wikipedia,Uebachtal,daily,2019032400,all-access,all-agents,2
de.wikipedia,Uebachtal,daily,2019032800,all-access,all-agents,2
de.wikipedia,Uebachtal,daily,2019032900,all-access,all-agents,1
de.wikipedia,Uebachtal,daily,2019033000,all-access,all-agents,1
de.wikipedia,Uebachtal,daily,2019033100,all-access,all-agents,4
de.wikipedia,Uebachtal,daily,2019040100,all-access,all-agents,4
de.wikipedia,Uebachtal,daily,2019040400,all-access,all-agents,1
de.wikipedia,Uebachtal,daily,2019040500,all-access,all-agents,5
de.wikipedia,Uebachtal,daily,2019040600,all-access,all-agents,1
de.wikipedia,Uebachtal,daily,2019040700,all-access,all-agents,2
de.wikipedia,Uebachtal,daily,2019040900,all-access,all-agents,2
de.wikipedia,Uebachtal,daily,2019041200,all-access,all-agents,3
de.wikipedia,Uebachtal,daily,2019041300,all-access,all-agents,1
de.wikipedia,Uebachtal,daily,2019041400,all-access,all-agents,4
de.wikipedia,Uebachtal,daily,2019041500,all-access,all-agents,1
de.wikipedia,Uebachtal,daily,2019042100,all-access,all-agents,1
de.wikipedia,Uebachtal,daily,2019042300,all-access,all-agents,1
de.wikipedia,Uebachtal,daily,2019042400,all-access,all-agents,2
de.wikipedia,Uebachtal,daily,2019042500,all-access,all-agents,1
de.wikipedia,Uebachtal,daily,2019042600,all-access,all-agents,1
de.wikipedia,Uebachtal,daily,2019042800,all-access,all-agents,4
de.wikipedia,Uebachtal,daily,2019050300,all-access,all-agents,1
de.wikipedia,Uebachtal,daily,2019050500,all-access,all-agents,3
de.wikipedia,Uebachtal,daily,2019050600,all-access,all-agents,1
de.wikipedia,Uebachtal,daily,2019051100,all-access,all-agents,1
de.wikipedia,Uebachtal,daily,2019051200,all-access,all-agents,2
de.wikipedia,Uebachtal,daily,2019051300,all-access,all-agents,1
de.wikipedia,Uebachtal,daily,2019051400,all-access,all-agents,2
de.wikipedia,Uebachtal,daily,2019051500,all-access,all-agents,2
de.wikipedia,Uebachtal,daily,2019051600,all-access,all-agents,2
de.wikipedia,Uebachtal,daily,2019051700,all-access,all-agents,4
de.wikipedia,Uebachtal,daily,2019051800,all-access,all-agents,2
de.wikipedia,Uebachtal,daily,2019052000,all-access,all-agents,1
de.wikipedia,Uebachtal,daily,2019052400,all-access,all-agents,1
de.wikipedia,Uebachtal,daily,2019052500,all-access,all-agents,1
de.wikipedia,Uebachtal,daily,2019052600,all-access,all-agents,5
de.wikipedia,Uebachtal,daily,2019052800,all-access,all-agents,3
de.wikipedia,Uebachtal,daily,2019060200,all-access,all-agents,1
de.wikipedia,Uebachtal,daily,2019060400,all-access,all-agents,1
de.wikipedia,Uebachtal,daily,2019060600,all-access,all-agents,1
de.wikipedia,Uebachtal,daily,2019060700,all-access,all-agents,1
de.wikipedia,Uebachtal,daily,2019060800,all-access,all-agents,1
de.wikipedia,Uebachtal,daily,2019060900,all-access,all-agents,4
de.wikipedia,Uebachtal,daily,2019061000,all-access,all-agents,2
de.wikipedia,Uebachtal,daily,2019061200,all-access,all-agents,1
de.wikipedia,Uebachtal,daily,2019061400,all-access,all-agents,1
de.wikipedia,Uebachtal,daily,2019061800,all-access,all-agents,3
de.wikipedia,Uebachtal,daily,2019062000,all-access,all-agents,1
de.wikipedia,Uebachtal,daily,2019062300,all-access,all-agents,2
de.wikipedia,Uebachtal,daily,2019062400,all-access,all-agents,3
de.wikipedia,Uebachtal,daily,2019062800,all-access,all-agents,2
de.wikipedia,Uebachtal,daily,2019062900,all-access,all-agents,1
de.wikipedia,Uebachtal,daily,2019070200,all-access,all-agents,3
de.wikipedia,Uebachtal,daily,2019070300,all-access,all-agents,1
de.wikipedia,Uebachtal,daily,2019070400,all-access,all-agents,1
de.wikipedia,Uebachtal,daily,2019070700,all-access,all-agents,2
de.wikipedia,Uebachtal,daily,2019070800,all-access,all-agents,1
de.wikipedia,Uebachtal,daily,2019071000,all-access,all-agents,3
de.wikipedia,Uebachtal,daily,2019071300,all-access,all-agents,1
de.wikipedia,Uebachtal,daily,2019071700,all-access,all-agents,1
de.wikipedia,Uebachtal,daily,2019071900,all-access,all-agents,1
de.wikipedia,Uebachtal,daily,2019072000,all-access,all-agents,1
de.wikipedia,Uebachtal,daily,2019072100,all-access,all-agents,2
de.wikipedia,Uebachtal,daily,2019072300,all-access,all-agents,2
de.wikipedia,Uebachtal,daily,2019072900,all-access,all-agents,1
de.wikipedia,Uebachtal,daily,2019073100,all-access,all-agents,1
de.wikipedia,Uebachtal,daily,2019080100,all-access,all-agents,1
de.wikipedia,Uebachtal,daily,2019080200,all-access,all-agents,2
de.wikipedia,Uebachtal,daily,2019080400,all-access,all-agents,2
de.wikipedia,Uebachtal,daily,2019080500,all-access,all-agents,1
de.wikipedia,Uebachtal,daily,2019080600,all-access,all-agents,2
de.wikipedia,Uebachtal,daily,2019081000,all-access,all-agents,2
de.wikipedia,Uebachtal,daily,2019081100,all-access,all-agents,3
de.wikipedia,Uebachtal,daily,2019081200,all-access,all-agents,1
de.wikipedia,Uebachtal,daily,2019081500,all-access,all-agents,1
de.wikipedia,Uebachtal,daily,2019081600,all-access,all-agents,4
de.wikipedia,Uebachtal,daily,2019081700,all-access,all-agents,2
de.wikipedia,Uebachtal,daily,2019081800,all-access,all-agents,3
de.wikipedia,Uebachtal,daily,2019082200,all-access,all-agents,1
de.wikipedia,Uebachtal,daily,2019082300,all-access,all-agents,1
de.wikipedia,Uebachtal,daily,2019082800,all-access,all-agents,1
de.wikipedia,Uebachtal,daily,2019082900,all-access,all-agents,3
de.wikipedia,Uebachtal,daily,2019083000,all-access,all-agents,1
de.wikipedia,Uebachtal,daily,2019090100,all-access,all-agents,3
de.wikipedia,Uebachtal,daily,2019090300,all-access,all-agents,1
de.wikipedia,Uebachtal,daily,2019090400,all-access,all-agents,1
de.wikipedia,Uebachtal,daily,2019090800,all-access,all-agents,1
de.wikipedia,Uebachtal,daily,2019090900,all-access,all-agents,2
de.wikipedia,Uebachtal,daily,2019091000,all-access,all-agents,4
de.wikipedia,Uebachtal,daily,2019091200,all-access,all-agents,3
de.wikipedia,Uebachtal,daily,2019091400,all-access,all-agents,3
de.wikipedia,Uebachtal,daily,2019091500,all-access,all-agents,2
de.wikipedia,Uebachtal,daily,2019091700,all-access,all-agents,1
de.wikipedia,Uebachtal,daily,2019091800,all-access,all-agents,1
de.wikipedia,Uebachtal,daily,2019091900,all-access,all-agents,2
de.wikipedia,Uebachtal,daily,2019092200,all-access,all-agents,1
de.wikipedia,Uebachtal,daily,2019092300,all-access,all-agents,1
de.wikipedia,Uebachtal,daily,2019092500,all-access,all-agents,1
de.wikipedia,Uebachtal,daily,2019092700,all-access,all-agents,1
de.wikipedia,Uebachtal,daily,2019092900,all-access,all-agents,6
de.wikipedia,Uebachtal,daily,2019100100,all-access,all-agents,1
de.wikipedia,Uebachtal,daily,2019100300,all-access,all-agents,2
de.wikipedia,Uebachtal,daily,2019100500,all-access,all-agents,1
de.wikipedia,Uebachtal,daily,2019100600,all-access,all-agents,3
de.wikipedia,Uebachtal,daily,2019100700,all-access,all-agents,3
de.wikipedia,Uebachtal,daily,2019100800,all-access,all-agents,1
de.wikipedia,Uebachtal,daily,2019100900,all-access,all-agents,1
de.wikipedia,Uebachtal,daily,2019101100,all-access,all-agents,2
de.wikipedia,Uebachtal,daily,2019101200,all-access,all-agents,1
de.wikipedia,Uebachtal,daily,2019101300,all-access,all-agents,1
de.wikipedia,Uebachtal,daily,2019101500,all-access,all-agents,1
de.wikipedia,Uebachtal,daily,2019101600,all-access,all-agents,2
de.wikipedia,Uebachtal,daily,2019101900,all-access,all-agents,1
de.wikipedia,Uebachtal,daily,2019102000,all-access,all-agents,2
de.wikipedia,Uebachtal,daily,2019102100,all-access,all-agents,6
de.wikipedia,Uebachtal,daily,2019102200,all-access,all-agents,1
de.wikipedia,Uebachtal,daily,2019102400,all-access,all-agents,1
de.wikipedia,Uebachtal,daily,2019102700,all-access,all-agents,1
de.wikipedia,Uebachtal,daily,2019102900,all-access,all-agents,3
de.wikipedia,Uebachtal,daily,2019110100,all-access,all-agents,5
de.wikipedia,Uebachtal,daily,2019110200,all-access,all-agents,1
de.wikipedia,Uebachtal,daily,2019110300,all-access,all-agents,2
de.wikipedia,Uebachtal,daily,2019110400,all-access,all-agents,1
de.wikipedia,Uebachtal,daily,2019110500,all-access,all-agents,2
de.wikipedia,Uebachtal,daily,2019110600,all-access,all-agents,1
de.wikipedia,Uebachtal,daily,2019110900,all-access,all-agents,3
de.wikipedia,Uebachtal,daily,2019111000,all-access,all-agents,1
de.wikipedia,Uebachtal,daily,2019111300,all-access,all-agents,2
de.wikipedia,Uebachtal,daily,2019111600,all-access,all-agents,1
de.wikipedia,Uebachtal,daily,2019111700,all-access,all-agents,1
de.wikipedia,Uebachtal,daily,2019111800,all-access,all-agents,2
de.wikipedia,Uebachtal,daily,2019111900,all-access,all-agents,1
de.wikipedia,Uebachtal,daily,2019112200,all-access,all-agents,2
de.wikipedia,Uebachtal,daily,2019112300,all-access,all-agents,1
de.wikipedia,Uebachtal,daily,2019112700,all-access,all-agents,3
de.wikipedia,Uebachtal,daily,2019112800,all-access,all-agents,1
de.wikipedia,Uebachtal,daily,2019120100,all-access,all-agents,2
de.wikipedia,Uebachtal,daily,2019120200,all-access,all-agents,2
de.wikipedia,Uebachtal,daily,2019120400,all-access,all-agents,1
de.wikipedia,Uebachtal,daily,2019120700,all-access,all-agents,1
de.wikipedia,Uebachtal,daily,2019120800,all-access,all-agents,4
de.wikipedia,Uebachtal,daily,2019121000,all-access,all-agents,1
de.wikipedia,Uebachtal,daily,2019121200,all-access,all-agents,2
de.wikipedia,Uebachtal,daily,2019121500,all-access,all-agents,1
de.wikipedia,Uebachtal,daily,2019121700,all-access,all-agents,2
de.wikipedia,Uebachtal,daily,2019121900,all-access,all-agents,1
de.wikipedia,Uebachtal,daily,2019122000,all-access,all-agents,5
de.wikipedia,Uebachtal,daily,2019122200,all-access,all-agents,1
de.wikipedia,Uebachtal,daily,2019122500,all-access,all-agents,3
de.wikipedia,Uebachtal,daily,2019122800,all-access,all-agents,2
de.wikipedia,Uebachtal,daily,2019122900,all-access,all-agents,1
de.wikipedia,Uebachtal,daily,2019123000,all-access,all-agents,3
de.wikipedia,Uebachtal,daily,2020010500,all-access,all-agents,2
de.wikipedia,Uebachtal,daily,2020010700,all-access,all-agents,1
de.wikipedia,Uebachtal,daily,2020010800,all-access,all-agents,1
de.wikipedia,Uebachtal,daily,2020010900,all-access,all-agents,2
de.wikipedia,Uebachtal,daily,2020011000,all-access,all-agents,1
de.wikipedia,Uebachtal,daily,2020011100,all-access,all-agents,1
de.wikipedia,Uebachtal,daily,2020011400,all-access,all-agents,1
de.wikipedia,Uebachtal,daily,2020011700,all-access,all-agents,1
de.wikipedia,Uebachtal,daily,2020011900,all-access,all-agents,1
de.wikipedia,Uebachtal,daily,2020012000,all-access,all-agents,1
de.wikipedia,Uebachtal,daily,2020012300,all-access,all-agents,1
de.wikipedia,Uebachtal,daily,2020012400,all-access,all-agents,10
de.wikipedia,Uebachtal,daily,2020012500,all-access,all-agents,3
de.wikipedia,Uebachtal,daily,2020012600,all-access,all-agents,2
de.wikipedia,Uebachtal,daily,2020012700,all-access,all-agents,1
de.wikipedia,Uebachtal,daily,2020013100,all-access,all-agents,1
de.wikipedia,Uebachtal,daily,2020020100,all-access,all-agents,1
de.wikipedia,Uebachtal,daily,2020020200,all-access,all-agents,1
de.wikipedia,Uebachtal,daily,2020020300,all-access,all-agents,1
de.wikipedia,Uebachtal,daily,2020020500,all-access,all-agents,2
de.wikipedia,Uebachtal,daily,2020020600,all-access,all-agents,1
de.wikipedia,Uebachtal,daily,2020020700,all-access,all-agents,1
de.wikipedia,Uebachtal,daily,2020020800,all-access,all-agents,2
de.wikipedia,Uebachtal,daily,2020020900,all-access,all-agents,1
de.wikipedia,Uebachtal,daily,2020021000,all-access,all-agents,3
de.wikipedia,Uebachtal,daily,2020021200,all-access,all-agents,1
de.wikipedia,Uebachtal,daily,2020021300,all-access,all-agents,2
de.wikipedia,Uebachtal,daily,2020021500,all-access,all-agents,2
de.wikipedia,Uebachtal,daily,2020021600,all-access,all-agents,3
de.wikipedia,Uebachtal,daily,2020021800,all-access,all-agents,1
de.wikipedia,Uebachtal,daily,2020021900,all-access,all-agents,1
de.wikipedia,Uebachtal,daily,2020022100,all-access,all-agents,1
de.wikipedia,Uebachtal,daily,2020022200,all-access,all-agents,2
de.wikipedia,Uebachtal,daily,2020022300,all-access,all-agents,1
de.wikipedia,Uebachtal,daily,2020022500,all-access,all-agents,4
de.wikipedia,Uebachtal,daily,2020022600,all-access,all-agents,1
de.wikipedia,Uebachtal,daily,2020022700,all-access,all-agents,1
de.wikipedia,Uebachtal,daily,2020022800,all-access,all-agents,1
de.wikipedia,Uebachtal,daily,2020022900,all-access,all-agents,1
de.wikipedia,Uebachtal,daily,2020030100,all-access,all-agents,2
de.wikipedia,Uebachtal,daily,2020030300,all-access,all-agents,1
de.wikipedia,Uebachtal,daily,2020030500,all-access,all-agents,2
de.wikipedia,Uebachtal,daily,2020030600,all-access,all-agents,2
de.wikipedia,Uebachtal,daily,2020030700,all-access,all-agents,1
de.wikipedia,Uebachtal,daily,2020030800,all-access,all-agents,6
de.wikipedia,Uebachtal,daily,2020030900,all-access,all-agents,1
de.wikipedia,Uebachtal,daily,2020031100,all-access,all-agents,1
de.wikipedia,Uebachtal,daily,2020031300,all-access,all-agents,2
de.wikipedia,Uebachtal,daily,2020031400,all-access,all-agents,3
de.wikipedia,Uebachtal,daily,2020031500,all-access,all-agents,1
de.wikipedia,Uebachtal,daily,2020031600,all-access,all-agents,1
de.wikipedia,Uebachtal,daily,2020031700,all-access,all-agents,1
de.wikipedia,Uebachtal,daily,2020031800,all-access,all-agents,1
de.wikipedia,Uebachtal,daily,2020031900,all-access,all-agents,1
de.wikipedia,Uebachtal,daily,2020032100,all-access,all-agents,1
de.wikipedia,Uebachtal,daily,2020032200,all-access,all-agents,2
de.wikipedia,Uebachtal,daily,2020032300,all-access,all-agents,2
de.wikipedia,Uebachtal,daily,2020032500,all-access,all-agents,1
de.wikipedia,Uebachtal,daily,2020032600,all-access,all-agents,1
de.wikipedia,Uebachtal,daily,2020032700,all-access,all-agents,2
de.wikipedia,Uebachtal,daily,2020032800,all-access,all-agents,1
de.wikipedia,Uebachtal,daily,2020032900,all-access,all-agents,2
de.wikipedia,Uebachtal,daily,2020033100,all-access,all-agents,1
de.wikipedia,Uebachtal,daily,2020040100,all-access,all-agents,1
de.wikipedia,Uebachtal,daily,2020040500,all-access,all-agents,4
de.wikipedia,Uebachtal,daily,2020040700,all-access,all-agents,2
de.wikipedia,Uebachtal,daily,2020040900,all-access,all-agents,1
de.wikipedia,Uebachtal,daily,2020041100,all-access,all-agents,1
de.wikipedia,Uebachtal,daily,2020041200,all-access,all-agents,1
de.wikipedia,Uebachtal,daily,2020041300,all-access,all-agents,1
de.wikipedia,Uebachtal,daily,2020041400,all-access,all-agents,1
de.wikipedia,Uebachtal,daily,2020041500,all-access,all-agents,2
de.wikipedia,Uebachtal,daily,2020041600,all-access,all-agents,1
de.wikipedia,Uebachtal,daily,2020041700,all-access,all-agents,1
de.wikipedia,Uebachtal,daily,2020041900,all-access,all-agents,3
de.wikipedia,Uebachtal,daily,2020042100,all-access,all-agents,1
de.wikipedia,Uebachtal,daily,2020042200,all-access,all-agents,1
de.wikipedia,Uebachtal,daily,2020042300,all-access,all-agents,4
de.wikipedia,Uebachtal,daily,2020042400,all-access,all-agents,1
de.wikipedia,Uebachtal,daily,2020042500,all-access,all-agents,2
de.wikipedia,Uebachtal,daily,2020042600,all-access,all-agents,2
de.wikipedia,Uebachtal,daily,2020042700,all-access,all-agents,1
de.wikipedia,Uebachtal,daily,2020043000,all-access,all-agents,3
de.wikipedia,Uebachtal,daily,2020050200,all-access,all-agents,1
de.wikipedia,Uebachtal,daily,2020050300,all-access,all-agents,4
de.wikipedia,Uebachtal,daily,2020050500,all-access,all-agents,3
de.wikipedia,Uebachtal,daily,2020050700,all-access,all-agents,2
de.wikipedia,Uebachtal,daily,2020050800,all-access,all-agents,13
de.wikipedia,Uebachtal,daily,2020051000,all-access,all-agents,2
de.wikipedia,Uebachtal,daily,2020051100,all-access,all-agents,1
de.wikipedia,Uebachtal,daily,2020051300,all-access,all-agents,4
de.wikipedia,Uebachtal,daily,2020051500,all-access,all-agents,2
de.wikipedia,Uebachtal,daily,2020051700,all-access,all-agents,4
de.wikipedia,Uebachtal,daily,2020051800,all-access,all-agents,4
de.wikipedia,Uebachtal,daily,2020052000,all-access,all-agents,1
de.wikipedia,Uebachtal,daily,2020052100,all-access,all-agents,2
de.wikipedia,Uebachtal,daily,2020052200,all-access,all-agents,1
de.wikipedia,Uebachtal,daily,2020052300,all-access,all-agents,1
de.wikipedia,Uebachtal,daily,2020052400,all-access,all-agents,1
de.wikipedia,Uebachtal,daily,2020052500,all-access,all-agents,1
de.wikipedia,Uebachtal,daily,2020052600,all-access,all-agents,2
de.wikipedia,Uebachtal,daily,2020052700,all-access,all-agents,3
de.wikipedia,Uebachtal,daily,2020052900,all-access,all-agents,2
de.wikipedia,Uebachtal,daily,2020053000,all-access,all-agents,1
de.wikipedia,Uebachtal,daily,2020053100,all-access,all-agents,2
de.wikipedia,Uebachtal,daily,2020060200,all-access,all-agents,2
de.wikipedia,Uebachtal,daily,2020060300,all-access,all-agents,1
de.wikipedia,Uebachtal,daily,2020060400,all-access,all-agents,1
de.wikipedia,Uebachtal,daily,2020060500,all-access,all-agents,1
de.wikipedia,Uebachtal,daily,2020060700,all-access,all-agents,3
de.wikipedia,Uebachtal,daily,2020060800,all-access,all-agents,2
de.wikipedia,Uebachtal,daily,2020060900,all-access,all-agents,2
de.wikipedia,Uebachtal,daily,2020061100,all-access,all-agents,2
de.wikipedia,Uebachtal,daily,2020061200,all-access,all-agents,1
de.wikipedia,Uebachtal,daily,2020061400,all-access,all-agents,1
de.wikipedia,Uebachtal,daily,2020061600,all-access,all-agents,1
de.wikipedia,Uebachtal,daily,2020061900,all-access,all-agents,2
de.wikipedia,Uebachtal,daily,2020062000,all-access,all-agents,1
de.wikipedia,Uebachtal,daily,2020062100,all-access,all-agents,3
de.wikipedia,Uebachtal,daily,2020062300,all-access,all-agents,1
de.wikipedia,Uebachtal,daily,2020062400,all-access,all-agents,2
de.wikipedia,Uebachtal,daily,2020062600,all-access,all-agents,1
de.wikipedia,Uebachtal,daily,2020062800,all-access,all-agents,2
de.wikipedia,Uebachtal,daily,2020070200,all-access,all-agents,1
de.wikipedia,Uebachtal,daily,2020070500,all-access,all-agents,2
de.wikipedia,Uebachtal,daily,2020070600,all-access,all-agents,1
de.wikipedia,Uebachtal,daily,2020070700,all-access,all-agents,1
de.wikipedia,Uebachtal,daily,2020070800,all-access,all-agents,1
de.wikipedia,Uebachtal,daily,2020070900,all-access,all-agents,1
de.wikipedia,Uebachtal,daily,2020071000,all-access,all-agents,3
de.wikipedia,Uebachtal,daily,2020071200,all-access,all-agents,3
de.wikipedia,Uebachtal,daily,2020071300,all-access,all-agents,2
de.wikipedia,Uebachtal,daily,2020071600,all-access,all-agents,1
de.wikipedia,Uebachtal,daily,2020071900,all-access,all-agents,1
de.wikipedia,Uebachtal,daily,2020072000,all-access,all-agents,1
de.wikipedia,Uebachtal,daily,2020072100,all-access,all-agents,1
de.wikipedia,Uebachtal,daily,2020072200,all-access,all-agents,1
de.wikipedia,Uebachtal,daily,2020072400,all-access,all-agents,1
de.wikipedia,Uebachtal,daily,2020072500,all-access,all-agents,1
de.wikipedia,Uebachtal,daily,2020072600,all-access,all-agents,3
de.wikipedia,Uebachtal,daily,2020072700,all-access,all-agents,2
de.wikipedia,Uebachtal,daily,2020072800,all-access,all-agents,2
de.wikipedia,Uebachtal,daily,2020073100,all-access,all-agents,2
de.wikipedia,Uebachtal,daily,2020080100,all-access,all-agents,1
de.wikipedia,Uebachtal,daily,2020080200,all-access,all-agents,1
de.wikipedia,Uebachtal,daily,2020080300,all-access,all-agents,1
de.wikipedia,Uebachtal,daily,2020080400,all-access,all-agents,3
de.wikipedia,Uebachtal,daily,2020080600,all-access,all-agents,1
de.wikipedia,Uebachtal,daily,2020080700,all-access,all-agents,1
de.wikipedia,Uebachtal,daily,2020080900,all-access,all-agents,3
de.wikipedia,Uebachtal,daily,2020081000,all-access,all-agents,1
de.wikipedia,Uebachtal,daily,2020081400,all-access,all-agents,3
de.wikipedia,Uebachtal,daily,2020081500,all-access,all-agents,1
de.wikipedia,Uebachtal,daily,2020081600,all-access,all-agents,1
de.wikipedia,Uebachtal,daily,2020081700,all-access,all-agents,1
de.wikipedia,Uebachtal,daily,2020081800,all-access,all-agents,2
de.wikipedia,Uebachtal,daily,2020082000,all-access,all-agents,3
de.wikipedia,Uebachtal,daily,2020082300,all-access,all-agents,3
de.wikipedia,Uebachtal,daily,2020082400,all-access,all-agents,2
de.wikipedia,Uebachtal,daily,2020082500,all-access,all-agents,1
de.wikipedia,Uebachtal,daily,2020082700,all-access,all-agents,1
de.wikipedia,Uebachtal,daily,2020082800,all-access,all-agents,1
de.wikipedia,Uebachtal,daily,2020083000,all-access,all-agents,2
de.wikipedia,Uebachtal,daily,2020083100,all-access,all-agents,1
de.wikipedia,Uebachtal,daily,2020090600,all-access,all-agents,4
de.wikipedia,Uebachtal,daily,2020090700,all-access,all-agents,1
de.wikipedia,Uebachtal,daily,2020090800,all-access,all-agents,3
de.wikipedia,Uebachtal,daily,2020091000,all-access,all-agents,1
de.wikipedia,Uebachtal,daily,2020091200,all-access,all-agents,1
de.wikipedia,Uebachtal,daily,2020091300,all-access,all-agents,1
de.wikipedia,Uebachtal,daily,2020091400,all-access,all-agents,1
de.wikipedia,Uebachtal,daily,2020091600,all-access,all-agents,1
de.wikipedia,Uebachtal,daily,2020091700,all-access,all-agents,1
de.wikipedia,Uebachtal,daily,2020092000,all-access,all-agents,1
de.wikipedia,Uebachtal,daily,2020092300,all-access,all-agents,1
de.wikipedia,Uebachtal,daily,2020092400,all-access,all-agents,2
de.wikipedia,Uebachtal,daily,2020092700,all-access,all-agents,2
de.wikipedia,Uebachtal,daily,2020092800,all-access,all-agents,1
de.wikipedia,Uebachtal,daily,2020093000,all-access,all-agents,1
de.wikipedia,Uebachtal,daily,2020100100,all-access,all-agents,3
de.wikipedia,Uebachtal,daily,2020100200,all-access,all-agents,2
de.wikipedia,Uebachtal,daily,2020100300,all-access,all-agents,1
de.wikipedia,Uebachtal,daily,2020100400,all-access,all-agents,1
de.wikipedia,Uebachtal,daily,2020100500,all-access,all-agents,4
de.wikipedia,Uebachtal,daily,2020100900,all-access,all-agents,1
de.wikipedia,Uebachtal,daily,2020101100,all-access,all-agents,3
de.wikipedia,Uebachtal,daily,2020101200,all-access,all-agents,1
de.wikipedia,Uebachtal,daily,2020101500,all-access,all-agents,3
de.wikipedia,Uebachtal,daily,2020101700,all-access,all-agents,1
de.wikipedia,Uebachtal,daily,2020101800,all-access,all-agents,1
de.wikipedia,Uebachtal,daily,2020102100,all-access,all-agents,2
de.wikipedia,Uebachtal,daily,2020102200,all-access,all-agents,1
de.wikipedia,Uebachtal,daily,2020102500,all-access,all-agents,3
de.wikipedia,Uebachtal,daily,2020102700,all-access,all-agents,1
de.wikipedia,Uebachtal,daily,2020102800,all-access,all-agents,1
de.wikipedia,Uebachtal,daily,2020102900,all-access,all-agents,1
de.wikipedia,Uebachtal,daily,2020103000,all-access,all-agents,1
de.wikipedia,Uebachtal,daily,2020110500,all-access,all-agents,1
de.wikipedia,Uebachtal,daily,2020110600,all-access,all-agents,3
de.wikipedia,Uebachtal,daily,2020110800,all-access,all-agents,3
de.wikipedia,Uebachtal,daily,2020110900,all-access,all-agents,1
de.wikipedia,Uebachtal,daily,2020111000,all-access,all-agents,1
de.wikipedia,Uebachtal,daily,2020111300,all-access,all-agents,2
de.wikipedia,Uebachtal,daily,2020111400,all-access,all-agents,1
de.wikipedia,Uebachtal,daily,2020111700,all-access,all-agents,2
de.wikipedia,Uebachtal,daily,2020111800,all-access,all-agents,1
de.wikipedia,Uebachtal,daily,2020112000,all-access,all-agents,1
de.wikipedia,Uebachtal,daily,2020112200,all-access,all-agents,3
de.wikipedia,Uebachtal,daily,2020112300,all-access,all-agents,4
de.wikipedia,Uebachtal,daily,2020112600,all-access,all-agents,1
de.wikipedia,Uebachtal,daily,2020113000,all-access,all-agents,2
de.wikipedia,Uebachtal,daily,2020120100,all-access,all-agents,1
de.wikipedia,Uebachtal,daily,2020120300,all-access,all-agents,1
de.wikipedia,Uebachtal,daily,2020120500,all-access,all-agents,5
de.wikipedia,Uebachtal,daily,2020120600,all-access,all-agents,4
de.wikipedia,Uebachtal,daily,2020120700,all-access,all-agents,2
de.wikipedia,Uebachtal,daily,2020120900,all-access,all-agents,2
de.wikipedia,Uebachtal,daily,2020121000,all-access,all-agents,3
de.wikipedia,Uebachtal,daily,2020121300,all-access,all-agents,1
de.wikipedia,Uebachtal,daily,2020121500,all-access,all-agents,1
de.wikipedia,Uebachtal,daily,2020121600,all-access,all-agents,1
de.wikipedia,Uebachtal,daily,2020121900,all-access,all-agents,1
de.wikipedia,Uebachtal,daily,2020122000,all-access,all-agents,2
de.wikipedia,Uebachtal,daily,2020122300,all-access,all-agents,3
de.wikipedia,Uebachtal,daily,2020122900,all-access,all-agents,2
de.wikipedia,Uebachtal,daily,2020123000,all-access,all-agents,1
de.wikipedia,Uebachtal,daily,2020123100,all-access,all-agents,1
de.wikipedia,Uebachtal,daily,2021010200,all-access,all-agents,2
de.wikipedia,Uebachtal,daily,2021010300,all-access,all-agents,2
de.wikipedia,Uebachtal,daily,2021010400,all-access,all-agents,1
de.wikipedia,Uebachtal,daily,2021010500,all-access,all-agents,1
de.wikipedia,Uebachtal,daily,2021010600,all-access,all-agents,2
de.wikipedia,Uebachtal,daily,2021010800,all-access,all-agents,1
de.wikipedia,Uebachtal,daily,2021010900,all-access,all-agents,1
de.wikipedia,Uebachtal,daily,2021011000,all-access,all-agents,3
de.wikipedia,Uebachtal,daily,2021011100,all-access,all-agents,1
de.wikipedia,Uebachtal,daily,2021011500,all-access,all-agents,1
de.wikipedia,Uebachtal,daily,2021011700,all-access,all-agents,1
de.wikipedia,Uebachtal,daily,2021011800,all-access,all-agents,3
de.wikipedia,Uebachtal,daily,2021011900,all-access,all-agents,1
de.wikipedia,Uebachtal,daily,2021012400,all-access,all-agents,1
de.wikipedia,Uebachtal,daily,2021012500,all-access,all-agents,2
de.wikipedia,Uebachtal,daily,2021012600,all-access,all-agents,2
de.wikipedia,Uebachtal,daily,2021012700,all-access,all-agents,1
de.wikipedia,Uebachtal,daily,2021012800,all-access,all-agents,1
de.wikipedia,Uebachtal,daily,2021012900,all-access,all-agents,1
de.wikipedia,Uebachtal,daily,2021013000,all-access,all-agents,3
de.wikipedia,Uebachtal,daily,2021013100,all-access,all-agents,1
de.wikipedia,Uebachtal,daily,2021020100,all-access,all-agents,1
de.wikipedia,Uebachtal,daily,2021020200,all-access,all-agents,2
de.wikipedia,Uebachtal,daily,2021020300,all-access,all-agents,1
de.wikipedia,Uebachtal,daily,2021020500,all-access,all-agents,2
de.wikipedia,Uebachtal,daily,2021020600,all-access,all-agents,1
de.wikipedia,Uebachtal,daily,2021020700,all-access,all-agents,3
de.wikipedia,Uebachtal,daily,2021021100,all-access,all-agents,1
de.wikipedia,Uebachtal,daily,2021021400,all-access,all-agents,1
de.wikipedia,Uebachtal,daily,2021021500,all-access,all-agents,2
de.wikipedia,Uebachtal,daily,2021021600,all-access,all-agents,2
de.wikipedia,Uebachtal,daily,2021021800,all-access,all-agents,2
de.wikipedia,Uebachtal,daily,2021022100,all-access,all-agents,3
de.wikipedia,Uebachtal,daily,2021022200,all-access,all-agents,2
de.wikipedia,Uebachtal,daily,2021022300,all-access,all-agents,2
de.wikipedia,Uebachtal,daily,2021022400,all-access,all-agents,2
de.wikipedia,Uebachtal,daily,2021022500,all-access,all-agents,1
de.wikipedia,Uebachtal,daily,2021022600,all-access,all-agents,1
de.wikipedia,Uebachtal,daily,2021022800,all-access,all-agents,1
de.wikipedia,Uebachtal,daily,2021030200,all-access,all-agents,1
de.wikipedia,Uebachtal,daily,2021030400,all-access,all-agents,15
de.wikipedia,Uebachtal,daily,2021030500,all-access,all-agents,1
de.wikipedia,Uebachtal,daily,2021030600,all-access,all-agents,1
de.wikipedia,Uebachtal,daily,2021030700,all-access,all-agents,1
de.wikipedia,Uebachtal,daily,2021030800,all-access,all-agents,2
de.wikipedia,Uebachtal,daily,2021031200,all-access,all-agents,2
de.wikipedia,Uebachtal,daily,2021031300,all-access,all-agents,1
de.wikipedia,Uebachtal,daily,2021031400,all-access,all-agents,1
de.wikipedia,Uebachtal,daily,2021031600,all-access,all-agents,2
de.wikipedia,Uebachtal,daily,2021031900,all-access,all-agents,1
de.wikipedia,Uebachtal,daily,2021032000,all-access,all-agents,3
de.wikipedia,Uebachtal,daily,2021032100,all-access,all-agents,3
de.wikipedia,Uebachtal,daily,2021032300,all-access,all-agents,1
de.wikipedia,Uebachtal,daily,2021032500,all-access,all-agents,1
de.wikipedia,Uebachtal,daily,2021032600,all-access,all-agents,1
de.wikipedia,Uebachtal,daily,2021032800,all-access,all-agents,2
de.wikipedia,Uebachtal,daily,2021033000,all-access,all-agents,2
de.wikipedia,Uebachtal,daily,2021033100,all-access,all-agents,1
de.wikipedia,Uebachtal,daily,2021040400,all-access,all-agents,1
de.wikipedia,Uebachtal,daily,2021040500,all-access,all-agents,1
de.wikipedia,Uebachtal,daily,2021040600,all-access,all-agents,1
de.wikipedia,Uebachtal,daily,2021040900,all-access,all-agents,1
de.wikipedia,Uebachtal,daily,2021041000,all-access,all-agents,1
de.wikipedia,Uebachtal,daily,2021041100,all-access,all-agents,3
de.wikipedia,Uebachtal,daily,2021041200,all-access,all-agents,1
de.wikipedia,Uebachtal,daily,2021041300,all-access,all-agents,1
de.wikipedia,Uebachtal,daily,2021041400,all-access,all-agents,1
de.wikipedia,Uebachtal,daily,2021041500,all-access,all-agents,1
de.wikipedia,Uebachtal,daily,2021041800,all-access,all-agents,1
de.wikipedia,Uebachtal,daily,2021041900,all-access,all-agents,1
de.wikipedia,Uebachtal,daily,2021042000,all-access,all-agents,2
de.wikipedia,Uebachtal,daily,2021042100,all-access,all-agents,1
de.wikipedia,Uebachtal,daily,2021042300,all-access,all-agents,2
de.wikipedia,Uebachtal,daily,2021042400,all-access,all-agents,1
de.wikipedia,Uebachtal,daily,2021042500,all-access,all-agents,2
de.wikipedia,Uebachtal,daily,2021042600,all-access,all-agents,1
de.wikipedia,Uebachtal,daily,2021042700,all-access,all-agents,1
de.wikipedia,Uebachtal,daily,2021042900,all-access,all-agents,1
de.wikipedia,Uebachtal,daily,2021043000,all-access,all-agents,1
de.wikipedia,Uebachtal,daily,2021050600,all-access,all-agents,1
de.wikipedia,Uebachtal,daily,2021050700,all-access,all-agents,1
de.wikipedia,Uebachtal,daily,2021050800,all-access,all-agents,3
de.wikipedia,Uebachtal,daily,2021050900,all-access,all-agents,3
de.wikipedia,Uebachtal,daily,2021051000,all-access,all-agents,1
de.wikipedia,Uebachtal,daily,2021051100,all-access,all-agents,1
de.wikipedia,Uebachtal,daily,2021051200,all-access,all-agents,2
de.wikipedia,Uebachtal,daily,2021051500,all-access,all-agents,1
de.wikipedia,Uebachtal,daily,2021051600,all-access,all-agents,1
de.wikipedia,Uebachtal,daily,2021052000,all-access,all-agents,2
de.wikipedia,Uebachtal,daily,2021052200,all-access,all-agents,1
de.wikipedia,Uebachtal,daily,2021052300,all-access,all-agents,2
de.wikipedia,Uebachtal,daily,2021052600,all-access,all-agents,1
de.wikipedia,Uebachtal,daily,2021052700,all-access,all-agents,1
de.wikipedia,Uebachtal,daily,2021060300,all-access,all-agents,1
de.wikipedia,Uebachtal,daily,2021060500,all-access,all-agents,1
de.wikipedia,Uebachtal,daily,2021060600,all-access,all-agents,2
de.wikipedia,Uebachtal,daily,2021060700,all-access,all-agents,2
de.wikipedia,Uebachtal,daily,2021060800,all-access,all-agents,2
de.wikipedia,Uebachtal,daily,2021060900,all-access,all-agents,1
de.wikipedia,Uebachtal,daily,2021061100,all-access,all-agents,3
de.wikipedia,Uebachtal,daily,2021061200,all-access,all-agents,27
de.wikipedia,Uebachtal,daily,2021061300,all-access,all-agents,6
de.wikipedia,Uebachtal,daily,2021061400,all-access,all-agents,3
de.wikipedia,Uebachtal,daily,2021061500,all-access,all-agents,1
de.wikipedia,Uebachtal,daily,2021061600,all-access,all-agents,1
de.wikipedia,Uebachtal,daily,2021061800,all-access,all-agents,1
de.wikipedia,Uebachtal,daily,2021062000,all-access,all-agents,2
de.wikipedia,Uebachtal,daily,2021062100,all-access,all-agents,2
de.wikipedia,Uebachtal,daily,2021062500,all-access,all-agents,1
de.wikipedia,Uebachtal,daily,2021063000,all-access,all-agents,1
de.wikipedia,Uebachtal,daily,2021070100,all-access,all-agents,1
de.wikipedia,Uebachtal,daily,2021070200,all-access,all-agents,3
de.wikipedia,Uebachtal,daily,2021070400,all-access,all-agents,2
de.wikipedia,Uebachtal,daily,2021070500,all-access,all-agents,3
de.wikipedia,Uebachtal,daily,2021071000,all-access,all-agents,1
de.wikipedia,Uebachtal,daily,2021071100,all-access,all-agents,3
de.wikipedia,Uebachtal,daily,2021071200,all-access,all-agents,1
de.wikipedia,Uebachtal,daily,2021071300,all-access,all-agents,1
de.wikipedia,Uebachtal,daily,2021071400,all-access,all-agents,1
de.wikipedia,Uebachtal,daily,2021071600,all-access,all-agents,1
de.wikipedia,Uebachtal,daily,2021071700,all-access,all-agents,1
de.wikipedia,Uebachtal,daily,2021071800,all-access,all-agents,1
de.wikipedia,Uebachtal,daily,2021071900,all-access,all-agents,1
de.wikipedia,Uebachtal,daily,2021072200,all-access,all-agents,3
de.wikipedia,Uebachtal,daily,2021072500,all-access,all-agents,26
de.wikipedia,Uebachtal,daily,2021072700,all-access,all-agents,2
de.wikipedia,Uebachtal,daily,2021072800,all-access,all-agents,2
de.wikipedia,Uebachtal,daily,2021072900,all-access,all-agents,1
de.wikipedia,Uebachtal,daily,2021073100,all-access,all-agents,2
de.wikipedia,Uebachtal,daily,2021080100,all-access,all-agents,1
de.wikipedia,Uebachtal,daily,2021080200,all-access,all-agents,1
de.wikipedia,Uebachtal,daily,2021080500,all-access,all-agents,1
de.wikipedia,Uebachtal,daily,2021080800,all-access,all-agents,3
de.wikipedia,Uebachtal,daily,2021080900,all-access,all-agents,1
de.wikipedia,Uebachtal,daily,2021081000,all-access,all-agents,1
de.wikipedia,Uebachtal,daily,2021081300,all-access,all-agents,2
de.wikipedia,Uebachtal,daily,2021081500,all-access,all-agents,1
de.wikipedia,Uebachtal,daily,2021081600,all-access,all-agents,3
de.wikipedia,Uebachtal,daily,2021081700,all-access,all-agents,2
de.wikipedia,Uebachtal,daily,2021081900,all-access,all-agents,1
de.wikipedia,Uebachtal,daily,2021082000,all-access,all-agents,1
de.wikipedia,Uebachtal,daily,2021082100,all-access,all-agents,3
de.wikipedia,Uebachtal,daily,2021082200,all-access,all-agents,1
de.wikipedia,Uebachtal,daily,2021082400,all-access,all-agents,2
de.wikipedia,Uebachtal,daily,2021082600,all-access,all-agents,1
de.wikipedia,Uebachtal,daily,2021082800,all-access,all-agents,2
de.wikipedia,Uebachtal,daily,2021082900,all-access,all-agents,3
de.wikipedia,Uebachtal,daily,2021083100,all-access,all-agents,2
de.wikipedia,Uebachtal,daily,2021090300,all-access,all-agents,1
de.wikipedia,Uebachtal,daily,2021090400,all-access,all-agents,1
de.wikipedia,Uebachtal,daily,2021090500,all-access,all-agents,3
de.wikipedia,Uebachtal,daily,2021090600,all-access,all-agents,1
de.wikipedia,Uebachtal,daily,2021090900,all-access,all-agents,2
de.wikipedia,Uebachtal,daily,2021091100,all-access,all-agents,1
de.wikipedia,Uebachtal,daily,2021091200,all-access,all-agents,3
de.wikipedia,Uebachtal,daily,2021091300,all-access,all-agents,1
de.wikipedia,Uebachtal,daily,2021091400,all-access,all-agents,1
de.wikipedia,Uebachtal,daily,2021091500,all-access,all-agents,1
de.wikipedia,Uebachtal,daily,2021091600,all-access,all-agents,1
de.wikipedia,Uebachtal,daily,2021091900,all-access,all-agents,1
de.wikipedia,Uebachtal,daily,2021092000,all-access,all-agents,1
de.wikipedia,Uebachtal,daily,2021092400,all-access,all-agents,3
de.wikipedia,Uebachtal,daily,2021092600,all-access,all-agents,2
de.wikipedia,Uebachtal,daily,2021093000,all-access,all-agents,1
de.wikipedia,Uebachtal,daily,2021100100,all-access,all-agents,1
de.wikipedia,Uebachtal,daily,2021100200,all-access,all-agents,1
de.wikipedia,Uebachtal,daily,2021100300,all-access,all-agents,2
de.wikipedia,Uebachtal,daily,2021100400,all-access,all-agents,3
de.wikipedia,Uebachtal,daily,2021100500,all-access,all-agents,3
de.wikipedia,Uebachtal,daily,2021100600,all-access,all-agents,1
de.wikipedia,Uebachtal,daily,2021100700,all-access,all-agents,2
de.wikipedia,Uebachtal,daily,2021100900,all-access,all-agents,1
de.wikipedia,Uebachtal,daily,2021101000,all-access,all-agents,4
de.wikipedia,Uebachtal,daily,2021101100,all-access,all-agents,1
de.wikipedia,Uebachtal,daily,2021101200,all-access,all-agents,3
de.wikipedia,Uebachtal,daily,2021101300,all-access,all-agents,1
de.wikipedia,Uebachtal,daily,2021101600,all-access,all-agents,3
de.wikipedia,Uebachtal,daily,2021101700,all-access,all-agents,2
de.wikipedia,Uebachtal,daily,2021101900,all-access,all-agents,2
de.wikipedia,Uebachtal,daily,2021102000,all-access,all-agents,1
de.wikipedia,Uebachtal,daily,2021102200,all-access,all-agents,3
de.wikipedia,Uebachtal,daily,2021102400,all-access,all-agents,4
de.wikipedia,Uebachtal,daily,2021102500,all-access,all-agents,1
de.wikipedia,Uebachtal,daily,2021102600,all-access,all-agents,1
de.wikipedia,Uebachtal,daily,2021102700,all-access,all-agents,3
de.wikipedia,Uebachtal,daily,2021102900,all-access,all-agents,2
de.wikipedia,Uebachtal,daily,2021103000,all-access,all-agents,1
de.wikipedia,Uebachtal,daily,2021110200,all-access,all-agents,1
de.wikipedia,Uebachtal,daily,2021110400,all-access,all-agents,1
de.wikipedia,Uebachtal,daily,2021110500,all-access,all-agents,2
de.wikipedia,Uebachtal,daily,2021110700,all-access,all-agents,4
de.wikipedia,Uebachtal,daily,2021110800,all-access,all-agents,2
de.wikipedia,Uebachtal,daily,2021110900,all-access,all-agents,3
de.wikipedia,Uebachtal,daily,2021111100,all-access,all-agents,1
de.wikipedia,Uebachtal,daily,2021111300,all-access,all-agents,2
de.wikipedia,Uebachtal,daily,2021111600,all-access,all-agents,1
de.wikipedia,Uebachtal,daily,2021111900,all-access,all-agents,3
de.wikipedia,Uebachtal,daily,2021112000,all-access,all-agents,1
de.wikipedia,Uebachtal,daily,2021112100,all-access,all-agents,2
de.wikipedia,Uebachtal,daily,2021112200,all-access,all-agents,2
de.wikipedia,Uebachtal,daily,2021112300,all-access,all-agents,2
de.wikipedia,Uebachtal,daily,2021112500,all-access,all-agents,1
de.wikipedia,Uebachtal,daily,2021112600,all-access,all-agents,1
de.wikipedia,Uebachtal,daily,2021112700,all-access,all-agents,2
de.wikipedia,Uebachtal,daily,2021112800,all-access,all-agents,1
de.wikipedia,Uebachtal,daily,2021112900,all-access,all-agents,1
de.wikipedia,Uebachtal,daily,2021113000,all-access,all-agents,1
de.wikipedia,Uebachtal,daily,2021120100,all-access,all-agents,4
de.wikipedia,Uebachtal,daily,2021120200,all-access,all-agents,2
de.wikipedia,Uebachtal,daily,2021120400,all-access,all-agents,2
de.wikipedia,Uebachtal,daily,2021120500,all-access,all-agents,3
de.wikipedia,Uebachtal,daily,2021120600,all-access,all-agents,2
de.wikipedia,Uebachtal,daily,2021121000,all-access,all-agents,3
de.wikipedia,Uebachtal,daily,2021121100,all-access,all-agents,2
de.wikipedia,Uebachtal,daily,2021121200,all-access,all-agents,1
de.wikipedia,Uebachtal,daily,2021121300,all-access,all-agents,1
de.wikipedia,Uebachtal,daily,2021121500,all-access,all-agents,1
de.wikipedia,Uebachtal,daily,2021121600,all-access,all-agents,2
de.wikipedia,Uebachtal,daily,2021121700,all-access,all-agents,1
de.wikipedia,Uebachtal,daily,2021121900,all-access,all-agents,3
de.wikipedia,Uebachtal,daily,2021122000,all-access,all-agents,1
de.wikipedia,Uebachtal,daily,2021122100,all-access,all-agents,2
de.wikipedia,Uebachtal,daily,2021122600,all-access,all-agents,2
de.wikipedia,Uebachtal,daily,2021122800,all-access,all-agents,1
de.wikipedia,Uebachtal,daily,2021122900,all-access,all-agents,4
de.wikipedia,Uebachtal,daily,2021123100,all-access,all-agents,1
de.wikipedia,Uebachtal,daily,2022010100,all-access,all-agents,1
de.wikipedia,Uebachtal,daily,2022010200,all-access,all-agents,2
de.wikipedia,Uebachtal,daily,2022010300,all-access,all-agents,1
de.wikipedia,Uebachtal,daily,2022010400,all-access,all-agents,1
de.wikipedia,Uebachtal,daily,2022010500,all-access,all-agents,1
de.wikipedia,Uebachtal,daily,2022010600,all-access,all-agents,1
de.wikipedia,Uebachtal,daily,2022010700,all-access,all-agents,1
de.wikipedia,Uebachtal,daily,2022010900,all-access,all-agents,2
de.wikipedia,Uebachtal,daily,2022011000,all-access,all-agents,1
de.wikipedia,Uebachtal,daily,2022011100,all-access,all-agents,2
de.wikipedia,Uebachtal,daily,2022011200,all-access,all-agents,1
de.wikipedia,Uebachtal,daily,2022011500,all-access,all-agents,1
de.wikipedia,Uebachtal,daily,2022011600,all-access,all-agents,2
de.wikipedia,Uebachtal,daily,2022011800,all-access,all-agents,1
de.wikipedia,Uebachtal,daily,2022011900,all-access,all-agents,3
de.wikipedia,Uebachtal,daily,2022012200,all-access,all-agents,1
de.wikipedia,Uebachtal,daily,2022012300,all-access,all-agents,3
de.wikipedia,Uebachtal,daily,2022012600,all-access,all-agents,2
de.wikipedia,Uebachtal,daily,2022012900,all-access,all-agents,2
de.wikipedia,Uebachtal,daily,2022013000,all-access,all-agents,3
de.wikipedia,Uebachtal,daily,2022020100,all-access,all-agents,1
de.wikipedia,Uebachtal,daily,2022020400,all-access,all-agents,1
de.wikipedia,Uebachtal,daily,2022020500,all-access,all-agents,1
de.wikipedia,Uebachtal,daily,2022020600,all-access,all-agents,2
de.wikipedia,Uebachtal,daily,2022020900,all-access,all-agents,2
de.wikipedia,Uebachtal,daily,2022021300,all-access,all-agents,2
de.wikipedia,Uebachtal,daily,2022021600,all-access,all-agents,1
de.wikipedia,Uebachtal,daily,2022021700,all-access,all-agents,1
de.wikipedia,Uebachtal,daily,2022021900,all-access,all-agents,1
de.wikipedia,Uebachtal,daily,2022022000,all-access,all-agents,2
de.wikipedia,Uebachtal,daily,2022022200,all-access,all-agents,2
de.wikipedia,Uebachtal,daily,2022022400,all-access,all-agents,1
de.wikipedia,Uebachtal,daily,2022022500,all-access,all-agents,1
de.wikipedia,Uebachtal,daily,2022022700,all-access,all-agents,2
de.wikipedia,Uebachtal,daily,2022030100,all-access,all-agents,1
de.wikipedia,Uebachtal,daily,2022030200,all-access,all-agents,1
de.wikipedia,Uebachtal,daily,2022030300,all-access,all-agents,1
de.wikipedia,Uebachtal,daily,2022030600,all-access,all-agents,2
de.wikipedia,Uebachtal,daily,2022030700,all-access,all-agents,3
de.wikipedia,Uebachtal,daily,2022030800,all-access,all-agents,2
de.wikipedia,Uebachtal,daily,2022030900,all-access,all-agents,1
de.wikipedia,Uebachtal,daily,2022031000,all-access,all-agents,1
de.wikipedia,Uebachtal,daily,2022031200,all-access,all-agents,1
de.wikipedia,Uebachtal,daily,2022031300,all-access,all-agents,2
de.wikipedia,Uebachtal,daily,2022031600,all-access,all-agents,1
de.wikipedia,Uebachtal,daily,2022031900,all-access,all-agents,1
de.wikipedia,Uebachtal,daily,2022032000,all-access,all-agents,2
de.wikipedia,Uebachtal,daily,2022032100,all-access,all-agents,1
de.wikipedia,Uebachtal,daily,2022032200,all-access,all-agents,2
de.wikipedia,Uebachtal,daily,2022032300,all-access,all-agents,1
de.wikipedia,Uebachtal,daily,2022032500,all-access,all-agents,2
de.wikipedia,Uebachtal,daily,2022032600,all-access,all-agents,1
de.wikipedia,Uebachtal,daily,2022032700,all-access,all-agents,3
de.wikipedia,Uebachtal,daily,2022033100,all-access,all-agents,1
de.wikipedia,Uebachtal,daily,2022040100,all-access,all-agents,1
de.wikipedia,Uebachtal,daily,2022040300,all-access,all-agents,2
de.wikipedia,Uebachtal,daily,2022040400,all-access,all-agents,2
de.wikipedia,Uebachtal,daily,2022040500,all-access,all-agents,1
de.wikipedia,Uebachtal,daily,2022040600,all-access,all-agents,2
de.wikipedia,Uebachtal,daily,2022040900,all-access,all-agents,1
de.wikipedia,Uebachtal,daily,2022041000,all-access,all-agents,2
de.wikipedia,Uebachtal,daily,2022041100,all-access,all-agents,2
de.wikipedia,Uebachtal,daily,2022041300,all-access,all-agents,1
de.wikipedia,Uebachtal,daily,2022041400,all-access,all-agents,2
de.wikipedia,Uebachtal,daily,2022041500,all-access,all-agents,3
de.wikipedia,Uebachtal,daily,2022041600,all-access,all-agents,1
de.wikipedia,Uebachtal,daily,2022041700,all-access,all-agents,4
de.wikipedia,Uebachtal,daily,2022041800,all-access,all-agents,2
de.wikipedia,Uebachtal,daily,2022041900,all-access,all-agents,1
de.wikipedia,Uebachtal,daily,2022042100,all-access,all-agents,1
de.wikipedia,Uebachtal,daily,2022042300,all-access,all-agents,1
de.wikipedia,Uebachtal,daily,2022042400,all-access,all-agents,3
de.wikipedia,Uebachtal,daily,2022042900,all-access,all-agents,3
de.wikipedia,Uebachtal,daily,2022050100,all-access,all-agents,2
de.wikipedia,Uebachtal,daily,2022050300,all-access,all-agents,1
de.wikipedia,Uebachtal,daily,2022050400,all-access,all-agents,1
de.wikipedia,Uebachtal,daily,2022050500,all-access,all-agents,1
de.wikipedia,Uebachtal,daily,2022050600,all-access,all-agents,1
de.wikipedia,Uebachtal,daily,2022050800,all-access,all-agents,2
de.wikipedia,Uebachtal,daily,2022051000,all-access,all-agents,1
de.wikipedia,Uebachtal,daily,2022051100,all-access,all-agents,2
de.wikipedia,Uebachtal,daily,2022051200,all-access,all-agents,1
de.wikipedia,Uebachtal,daily,2022051300,all-access,all-agents,4
de.wikipedia,Uebachtal,daily,2022051500,all-access,all-agents,2
de.wikipedia,Uebachtal,daily,2022051800,all-access,all-agents,2
de.wikipedia,Uebachtal,daily,2022052100,all-access,all-agents,2
de.wikipedia,Uebachtal,daily,2022052200,all-access,all-agents,6
de.wikipedia,Uebachtal,daily,2022052300,all-access,all-agents,2
de.wikipedia,Uebachtal,daily,2022052400,all-access,all-agents,1
de.wikipedia,Uebachtal,daily,2022052600,all-access,all-agents,1
de.wikipedia,Uebachtal,daily,2022052700,all-access,all-agents,3
de.wikipedia,Uebachtal,daily,2022052800,all-access,all-agents,1
de.wikipedia,Uebachtal,daily,2022052900,all-access,all-agents,4
de.wikipedia,Uebachtal,daily,2022060100,all-access,all-agents,1
de.wikipedia,Uebachtal,daily,2022060300,all-access,all-agents,2
de.wikipedia,Uebachtal,daily,2022060400,all-access,all-agents,3
de.wikipedia,Uebachtal,daily,2022060500,all-access,all-agents,2
de.wikipedia,Uebachtal,daily,2022061000,all-access,all-agents,3
de.wikipedia,Uebachtal,daily,2022061100,all-access,all-agents,2
de.wikipedia,Uebachtal,daily,2022061200,all-access,all-agents,2
de.wikipedia,Uebachtal,daily,2022061400,all-access,all-agents,1
de.wikipedia,Uebachtal,daily,2022061500,all-access,all-agents,1
de.wikipedia,Uebachtal,daily,2022061600,all-access,all-agents,2
de.wikipedia,Uebachtal,daily,2022061700,all-access,all-agents,1
de.wikipedia,Uebachtal,daily,2022061800,all-access,all-agents,1
de.wikipedia,Uebachtal,daily,2022061900,all-access,all-agents,1
de.wikipedia,Uebachtal,daily,2022062200,all-access,all-agents,1
de.wikipedia,Uebachtal,daily,2022062400,all-access,all-agents,1
de.wikipedia,Uebachtal,daily,2022062500,all-access,all-agents,2
de.wikipedia,Uebachtal,daily,2022062600,all-access,all-agents,1
de.wikipedia,Uebachtal,daily,2022062700,all-access,all-agents,2
de.wikipedia,Uebachtal,daily,2022070100,all-access,all-agents,4
